participant_id,trial_index,attractiveness_rating,stimulus,response,reasons_selected,other_reason_text,rt,time_elapsed,latent_vector
0,0,30,face_265.png,0,"[""Mouth"",""Jaw"",""Hair""]",NA,30618,30618,
0,1,NA,face_140.png,0,NA,NA,16174,46799,
0,2,0,face_102.png,0,"[""Nose"",""Hair"",""Other""]",Eyebrows,19224,66026,
0,3,20,face_108.png,0,"[""Eyes"",""Jaw"",""Hair"",""Other""]",Just old lol,20660,86689,
0,4,0,face_388.png,0,"[""Mouth"",""Eyes"",""Nose"",""Jaw"",""Hair""]",NA,15278,101969,
0,5,80,face_199.png,0,"[""Hair"",""Other""]","Pretty face, hair eh",30520,132493,
0,6,20,face_061.png,0,"[""Eyes"",""Hair"",""Other""]",Couldn’t tell whether it was a man or woman,22087,154582,
0,7,20,face_419.png,0,"[""Eyes"",""Nose""]",NA,6889,161475,
0,8,70,face_060.png,0,"[""Nose"",""Hair""]",NA,5317,166796,
0,9,0,face_425.png,0,"[""Mouth"",""Eyes"",""Jaw"",""Other""]",Eyebrows,14333,181133,
1,0,50,face_392.png,0,"[""Mouth"",""Eyes"",""Nose"",""Hair""]",NA,72479,72493,
1,1,30,face_411.png,0,"[""Mouth""]",NA,10436,82931,
1,2,30,face_103.png,0,"[""Eyes"",""Hair""]",NA,35553,118486,
1,3,20,face_156.png,0,"[""Mouth""]",NA,17097,135585,
1,4,30,face_039.png,0,"[""Eyes"",""Hair""]",NA,29996,165583,
1,5,0,face_205.png,0,"[""Mouth"",""Eyes"",""Nose"",""Ears"",""Jaw"",""Hair""]",NA,8447,174032,
1,6,70,face_377.png,0,"[""Mouth"",""Eyes"",""Nose""]",NA,9382,183416,
1,7,50,face_350.png,0,"[""Eyes""]",NA,22430,205848,
1,8,40,face_059.png,0,"[""Hair""]",NA,12861,218711,
1,9,0,face_010.png,0,"[""Mouth"",""Eyes"",""Nose"",""Ears"",""Jaw"",""Hair""]",NA,8085,226797,
2,0,20,face_313.png,0,"[""Nose""]",NA,25317,25324,
2,1,10,face_419.png,0,[],NA,12655,37985,
2,2,60,face_366.png,0,"[""Mouth"",""Eyes""]",NA,19282,57271,
2,3,60,face_438.png,0,"[""Eyes"",""Hair""]",NA,13412,70686,
2,4,80,face_103.png,0,"[""Eyes"",""Nose"",""Jaw""]",NA,15769,86460,
2,5,70,face_149.png,0,"[""Mouth"",""Eyes"",""Nose"",""Jaw"",""Hair""]",NA,20182,106647,
2,6,80,face_185.png,0,"[""Mouth"",""Eyes"",""Nose""]",NA,12594,119244,
2,7,30,face_239.png,0,[],NA,6786,126034,
2,8,50,face_117.png,0,"[""Nose"",""Hair""]",NA,13360,139398,
2,9,70,face_350.png,0,"[""Mouth"",""Jaw""]",NA,13493,152894,
3,0,50,face_147.png,0,"[""Eyes"",""Hair""]",NA,22391,22399,
3,1,20,face_285.png,0,"[""Mouth""]",NA,15978,38382,
3,2,0,face_218.png,0,[],NA,10510,48900,
3,3,20,face_077.png,0,[],NA,10491,59394,
3,4,30,face_054.png,0,[],NA,6553,65952,
3,5,20,face_318.png,0,[],NA,6260,72216,
3,6,30,face_325.png,0,"[""Hair""]",NA,10386,82606,
3,7,40,face_205.png,0,"[""Eyes""]",NA,21564,104172,
3,8,10,face_241.png,0,[],NA,6820,110995,
3,9,60,face_030.png,0,"[""Jaw""]",NA,10342,121342,
4,0,20,face_320.png,0,"[""Mouth"",""Eyes"",""Hair""]",NA,31559,31574,
4,1,70,face_073.png,0,"[""Mouth"",""Eyes"",""Hair""]",NA,15658,47237,
4,2,60,face_174.png,0,"[""Eyes"",""Nose"",""Hair""]",NA,12809,60050,
4,3,20,face_078.png,0,"[""Mouth"",""Hair""]",NA,18777,78830,
4,4,40,face_239.png,0,"[""Mouth"",""Eyes"",""Hair""]",NA,12206,91043,
4,5,30,face_167.png,0,"[""Mouth"",""Jaw""]",NA,12890,103939,
4,6,30,face_205.png,0,"[""Mouth"",""Eyes"",""Hair""]",NA,11073,115016,
4,7,40,face_137.png,0,"[""Mouth"",""Eyes"",""Nose""]",NA,14481,129500,
4,8,70,face_390.png,0,"[""Mouth"",""Eyes"",""Hair""]",NA,10574,140078,
4,9,60,face_411.png,0,"[""Mouth"",""Nose"",""Hair""]",NA,13092,153174,
5,0,50,face_078.png,0,"[""Eyes"",""Jaw"",""Hair""]",NA,34064,34066,
5,1,60,face_146.png,0,"[""Mouth"",""Eyes"",""Hair""]",NA,27709,61778,
5,2,40,face_178.png,0,"[""Eyes"",""Ears"",""Hair""]",NA,34086,95867,
5,3,40,face_277.png,0,"[""Eyes"",""Nose""]",NA,21897,117767,
5,4,70,face_372.png,0,"[""Mouth"",""Eyes"",""Nose"",""Hair""]",NA,18835,136604,
5,5,30,face_424.png,0,[],NA,43549,180155,
5,6,60,face_378.png,0,"[""Eyes"",""Nose"",""Ears"",""Jaw"",""Hair""]",NA,18356,198514,
5,7,40,face_283.png,0,"[""Mouth"",""Eyes""]",NA,16481,214997,
5,8,60,face_185.png,0,"[""Mouth"",""Eyes""]",NA,11942,226941,
5,9,30,face_115.png,0,"[""Eyes""]",NA,15910,242854,
6,0,10,face_241.png,0,"[""Eyes"",""Nose""]",NA,20071,20084,
6,1,0,face_061.png,0,[],NA,10700,30791,
6,2,10,face_174.png,0,"[""Eyes""]",NA,11779,42573,
6,3,0,face_424.png,0,[],NA,6032,48607,
6,4,70,face_073.png,0,"[""Eyes"",""Nose"",""Hair""]",NA,13034,61644,
6,5,0,face_423.png,0,[],NA,9930,71578,
6,6,20,face_238.png,0,"[""Mouth"",""Eyes"",""Nose"",""Hair""]",NA,14030,85612,
6,7,20,face_357.png,0,"[""Mouth"",""Eyes"",""Nose""]",NA,8862,94479,
6,8,70,face_333.png,0,"[""Mouth"",""Eyes"",""Nose""]",NA,51496,145978,
6,9,0,face_260.png,0,[],NA,4527,150511,
7,0,100,face_390.png,0,"[""Mouth"",""Eyes""]",NA,37540,37556,
7,1,100,face_378.png,0,"[""Mouth"",""Eyes""]",NA,11098,48659,
7,2,100,face_419.png,0,"[""Mouth"",""Eyes""]",NA,8669,57332,
7,3,100,face_420.png,0,"[""Mouth"",""Eyes""]",NA,3493,60827,
7,4,100,face_423.png,0,"[""Mouth"",""Eyes""]",NA,3216,64048,
7,5,100,face_132.png,0,"[""Mouth"",""Eyes""]",NA,3236,67289,
7,6,100,face_151.png,0,"[""Mouth"",""Eyes""]",NA,3139,70431,
7,7,100,face_350.png,0,"[""Mouth"",""Eyes""]",NA,5895,76331,
7,8,100,face_265.png,0,"[""Mouth"",""Eyes""]",NA,3404,79739,
7,9,100,face_041.png,0,"[""Mouth"",""Eyes""]",NA,3336,83079,
8,0,0,face_062.png,0,"[""Mouth"",""Eyes"",""Jaw""]",NA,29243,29260,
8,1,30,face_030.png,0,"[""Mouth"",""Eyes"",""Nose"",""Jaw""]",NA,23500,52765,
8,2,30,face_077.png,0,"[""Mouth"",""Hair""]",NA,9716,62486,
8,3,20,face_424.png,0,"[""Eyes"",""Jaw"",""Hair""]",NA,17488,79978,
8,4,40,face_149.png,0,"[""Mouth"",""Jaw"",""Hair""]",NA,23021,103003,
8,5,90,face_167.png,0,"[""Mouth"",""Eyes"",""Nose""]",NA,30232,133239,
8,6,80,face_156.png,0,"[""Mouth"",""Eyes"",""Nose"",""Jaw""]",NA,7085,140327,
8,7,20,face_079.png,0,"[""Mouth"",""Eyes"",""Jaw""]",NA,9732,150062,
8,8,50,face_313.png,0,"[""Mouth"",""Eyes""]",NA,6420,156485,
8,9,90,face_033.png,0,"[""Mouth""]",NA,6202,162693,
9,0,30,face_387.png,0,"[""Nose"",""Ears"",""Hair""]",NA,14483,14483,
9,1,30,face_167.png,0,"[""Eyes"",""Nose""]",NA,13074,27561,
9,2,30,face_352.png,0,"[""Mouth"",""Eyes""]",NA,9498,37064,
9,3,50,face_404.png,0,"[""Eyes"",""Nose"",""Jaw""]",NA,13678,50744,
9,4,50,face_146.png,0,"[""Mouth"",""Eyes"",""Hair""]",NA,10082,60832,
9,5,50,face_029.png,0,"[""Mouth"",""Eyes"",""Nose"",""Hair""]",NA,7837,68671,
9,6,30,face_472.png,0,"[""Eyes"",""Nose""]",NA,6887,75561,
9,7,60,face_392.png,0,"[""Eyes"",""Nose"",""Hair""]",NA,10831,86395,
9,8,50,face_199.png,0,"[""Mouth"",""Eyes"",""Nose""]",NA,7388,93785,
9,9,30,face_431.png,0,"[""Eyes"",""Hair""]",NA,9266,103055,
10,0,0,face_270.png,0,"[""Eyes""]",NA,21355,21364,
10,1,10,face_078.png,0,"[""Eyes""]",NA,12039,33411,
10,2,30,face_331.png,0,"[""Mouth"",""Eyes""]",NA,10564,43979,
10,3,10,face_115.png,0,"[""Eyes""]",NA,8814,52797,
10,4,40,face_033.png,0,"[""Mouth"",""Eyes""]",NA,10060,62863,
10,5,0,face_358.png,0,"[""Eyes""]",NA,7011,69879,
10,6,20,face_377.png,0,"[""Mouth"",""Eyes""]",NA,5196,75080,
10,7,50,face_076.png,0,"[""Mouth"",""Eyes""]",NA,8645,83729,
10,8,10,face_011.png,0,"[""Eyes""]",NA,4648,88381,
10,9,20,face_174.png,0,"[""Eyes""]",NA,4599,92984,
11,0,80,face_073.png,0,"[""Mouth"",""Nose""]",NA,27400,27404,
11,1,60,face_041.png,0,"[""Jaw""]",NA,9748,37160,
11,2,40,face_435.png,0,"[""Eyes""]",NA,6736,43900,
11,3,100,face_217.png,0,"[""Mouth"",""Eyes"",""Nose""]",NA,15323,59227,
11,4,0,face_160.png,0,[],NA,4415,63645,
11,5,60,face_408.png,0,"[""Mouth""]",NA,4917,68568,
11,6,20,face_472.png,0,[],NA,5900,74471,
11,7,60,face_372.png,0,"[""Eyes""]",NA,4834,79309,
11,8,0,face_388.png,0,[],NA,3232,82545,
11,9,20,face_180.png,0,[],NA,6015,88564,
12,0,20,face_251.png,0,"[""Eyes"",""Nose"",""Hair""]",NA,28455,28459,
12,1,20,face_077.png,0,"[""Mouth"",""Jaw"",""Hair""]",NA,11359,39825,
12,2,30,face_061.png,0,"[""Nose"",""Hair"",""Other""]",Skin,24252,64083,
12,3,30,face_001.png,0,"[""Mouth"",""Eyes"",""Nose"",""Jaw""]",NA,11341,75429,
12,4,30,face_020.png,0,"[""Mouth""]",NA,13427,88860,
12,5,30,face_054.png,0,"[""Mouth"",""Eyes"",""Jaw"",""Hair""]",NA,21631,110497,
12,6,30,face_353.png,0,"[""Mouth"",""Eyes"",""Nose""]",NA,9494,119997,
12,7,40,face_199.png,0,"[""Mouth"",""Hair""]",NA,11717,131719,
12,8,30,face_204.png,0,"[""Mouth"",""Jaw""]",NA,9984,141707,
12,9,10,face_010.png,0,"[""Mouth"",""Eyes"",""Nose"",""Ears"",""Jaw"",""Hair""]",NA,10177,151890,
13,0,20,face_204.png,0,"[""Hair""]",NA,23630,23637,
13,1,60,face_372.png,0,"[""Eyes"",""Hair"",""Other""]",eyebrows,19359,43002,
13,2,10,face_077.png,0,"[""Hair""]",NA,30028,73035,
13,3,60,face_013.png,0,"[""Mouth"",""Ears"",""Hair""]",NA,29266,102305,
13,4,80,face_390.png,0,"[""Eyes"",""Nose"",""Hair""]",NA,11136,113446,
13,5,0,face_140.png,0,[],NA,15124,128578,
13,6,70,face_238.png,0,"[""Eyes"",""Hair""]",NA,27405,155988,
13,7,30,face_178.png,0,"[""Hair""]",NA,14670,170663,
13,8,0,face_251.png,0,"[""Hair"",""Other""]",cheeks,34922,205589,
13,9,0,face_021.png,0,"[""Ears""]",NA,7070,212663,
14,0,30,face_204.png,0,[],NA,33516,33525,
14,1,80,face_029.png,0,"[""Mouth"",""Eyes"",""Jaw"",""Hair""]",NA,23672,57203,
14,2,80,face_133.png,0,"[""Mouth"",""Eyes"",""Hair""]",NA,15909,73117,
14,3,50,face_350.png,0,"[""Mouth"",""Eyes"",""Ears""]",NA,22480,95601,
14,4,80,face_463.png,0,"[""Mouth"",""Eyes"",""Hair"",""Other""]",Eye brows,25597,121206,
14,5,10,face_140.png,0,"[""Mouth"",""Hair""]",NA,29495,150706,
14,6,50,face_205.png,0,"[""Eyes""]",NA,17009,167719,
14,7,70,face_435.png,0,"[""Eyes""]",NA,11850,179574,
14,8,70,face_162.png,0,"[""Mouth"",""Eyes"",""Ears"",""Hair""]",NA,17157,196736,
14,9,50,face_057.png,0,"[""Eyes"",""Nose"",""Ears""]",NA,11605,208345,
15,0,30,face_353.png,0,"[""Mouth"",""Eyes""]",NA,22124,22126,
15,1,40,face_388.png,0,[],NA,21935,44064,
15,2,80,face_277.png,0,"[""Eyes"",""Nose"",""Ears""]",NA,17957,62024,
15,3,60,face_238.png,0,"[""Mouth"",""Eyes""]",NA,12531,74558,
15,4,40,face_156.png,0,"[""Eyes"",""Hair""]",NA,23453,98013,
15,5,80,face_013.png,0,"[""Mouth"",""Eyes"",""Hair""]",NA,30261,128277,
15,6,40,face_033.png,0,"[""Mouth"",""Hair""]",NA,23635,151914,
15,7,40,face_151.png,0,"[""Mouth"",""Nose"",""Jaw""]",NA,22654,174571,
15,8,40,face_062.png,0,"[""Nose"",""Hair""]",NA,26716,201290,
15,9,40,face_030.png,0,"[""Eyes"",""Nose""]",NA,31457,232750,
16,0,30,face_156.png,0,"[""Eyes""]",NA,32418,32436,
16,1,0,face_010.png,0,"[""Ears"",""Jaw"",""Hair""]",NA,25784,58225,
16,2,60,face_320.png,0,"[""Eyes"",""Nose"",""Ears"",""Jaw"",""Hair"",""Other""]",Forehead,41516,99682,
16,3,50,face_419.png,0,"[""Eyes"",""Nose"",""Ears"",""Jaw"",""Hair""]",NA,19311,118998,
16,4,30,face_077.png,0,"[""Nose"",""Jaw"",""Hair""]",NA,35201,154202,
16,5,40,face_079.png,0,"[""Eyes"",""Nose"",""Jaw"",""Hair""]",NA,64763,218971,
16,6,20,face_137.png,0,"[""Jaw"",""Hair""]",NA,19193,238169,
16,7,30,face_061.png,0,"[""Mouth"",""Eyes"",""Jaw"",""Hair""]",NA,43249,281420,
16,8,80,face_357.png,0,"[""Mouth"",""Eyes"",""Nose"",""Jaw"",""Hair""]",NA,45416,326838,
16,9,30,face_140.png,0,"[""Mouth"",""Nose"",""Hair""]",NA,15698,342540,
17,0,20,face_463.png,0,"[""Other""]","Teeth’s are ok, rest is avrag",81884,81887,
17,1,0,face_151.png,0,[],NA,14209,96099,
17,2,20,face_060.png,0,"[""Eyes""]",NA,12996,109102,
17,3,10,face_251.png,0,[],NA,8557,117671,
17,4,10,face_030.png,0,[],NA,17343,135016,
17,5,10,face_438.png,0,[],NA,12080,147098,
17,6,50,face_011.png,0,"[""Nose""]",NA,10972,158071,
17,7,50,face_013.png,0,"[""Hair""]",NA,15710,173783,
17,8,50,face_357.png,0,"[""Eyes""]",NA,7089,180875,
17,9,50,face_390.png,0,"[""Jaw""]",NA,9020,189898,
18,0,60,face_376.png,0,"[""Mouth"",""Nose"",""Jaw""]",NA,25159,25162,
18,1,40,face_133.png,0,"[""Jaw"",""Other""]",NA,25514,50681,
18,2,10,face_137.png,0,"[""Mouth"",""Jaw"",""Hair""]",NA,23723,74409,
18,3,50,face_151.png,0,"[""Mouth"",""Eyes""]",NA,14449,88861,
18,4,30,face_054.png,0,"[""Mouth"",""Eyes""]",NA,11372,100237,
18,5,70,face_355.png,0,"[""Mouth"",""Eyes"",""Jaw""]",NA,15664,115905,
18,6,40,face_238.png,0,"[""Eyes""]",NA,5895,121805,
18,7,70,face_076.png,0,"[""Mouth"",""Eyes"",""Nose""]",NA,11543,133351,
18,8,50,face_199.png,0,"[""Mouth"",""Hair""]",NA,9605,142960,
18,9,40,face_309.png,0,"[""Mouth"",""Hair""]",NA,10905,153870,
19,0,20,face_404.png,0,"[""Eyes"",""Nose"",""Hair""]",NA,21780,21787,
19,1,10,face_108.png,0,[],NA,8921,30713,
19,2,20,face_277.png,0,"[""Ears""]",NA,12710,43427,
19,3,10,face_378.png,0,[],NA,9731,53163,
19,4,10,face_174.png,0,"[""Mouth"",""Other""]",NA,17369,70537,
19,5,0,face_421.png,0,[],NA,4756,75297,
19,6,10,face_020.png,0,[],NA,4456,79757,
19,7,10,face_204.png,0,[],NA,4209,83971,
19,8,10,face_149.png,0,[],NA,5135,89109,
19,9,10,face_160.png,0,[],NA,3987,93102,
20,0,70,face_146.png,0,"[""Mouth"",""Eyes"",""Hair""]",NA,18395,18398,
20,1,10,face_108.png,0,"[""Hair"",""Other""]",Wrinkles,17707,36109,
20,2,60,face_421.png,0,"[""Eyes"",""Hair""]",NA,29202,65316,
20,3,60,face_255.png,0,"[""Hair"",""Other""]","Head shape, eyebrows",34056,99375,
20,4,90,face_147.png,0,"[""Hair"",""Other""]",Facial hair,21039,120418,
20,5,80,face_420.png,0,"[""Mouth"",""Eyes"",""Other""]",Makeup,23102,143525,
20,6,70,face_204.png,0,"[""Eyes"",""Hair"",""Other""]",Glasses,28585,172115,
20,7,30,face_388.png,0,"[""Hair"",""Other""]",Age,31270,203389,
20,8,40,face_140.png,0,"[""Hair""]",NA,16785,220179,
20,9,60,face_473.png,0,"[""Eyes"",""Other""]",Age,34381,254564,
21,0,20,face_357.png,0,"[""Other""]",beard and not white teeth,22714,22720,
21,1,30,face_095.png,0,[],NA,5019,27744,
21,2,50,face_438.png,0,"[""Other""]",smile,23785,51533,
21,3,50,face_085.png,0,"[""Eyes""]",NA,10951,62488,
21,4,30,face_433.png,0,"[""Mouth""]",NA,11122,73615,
21,5,50,face_220.png,0,"[""Eyes""]",NA,7254,80873,
21,6,30,face_366.png,0,"[""Mouth"",""Eyes""]",NA,9131,90007,
21,7,20,face_205.png,0,"[""Other""]",old,8063,98074,
21,8,70,face_151.png,0,"[""Mouth""]",NA,6913,104991,
21,9,40,face_162.png,0,"[""Mouth""]",NA,5036,110030,
22,0,40,face_318.png,0,"[""Mouth"",""Nose""]",NA,99010,99016,
22,1,50,face_424.png,0,"[""Mouth"",""Nose"",""Hair""]",NA,16716,115740,
22,2,20,face_435.png,0,"[""Hair""]",NA,13580,129325,
22,3,60,face_438.png,0,"[""Mouth"",""Eyes"",""Nose"",""Hair""]",NA,29873,159202,
22,4,50,face_309.png,0,"[""Mouth"",""Eyes"",""Hair""]",NA,44032,203237,
22,5,10,face_062.png,0,[],NA,13497,216740,
22,6,70,face_200.png,0,"[""Mouth"",""Eyes"",""Hair""]",NA,25463,242209,
22,7,50,face_073.png,0,"[""Eyes"",""Hair""]",NA,12197,254410,
22,8,20,face_431.png,0,"[""Hair""]",NA,10638,265052,
22,9,70,face_325.png,0,"[""Mouth"",""Eyes"",""Nose"",""Hair""]",NA,34413,299469,
23,0,60,face_080.png,0,"[""Eyes"",""Jaw"",""Hair""]",NA,38761,38764,
23,1,70,face_408.png,0,"[""Eyes"",""Nose""]",NA,36802,75570,
23,2,60,face_151.png,0,"[""Eyes"",""Nose"",""Hair""]",NA,18088,93658,
23,3,70,face_463.png,0,"[""Eyes"",""Nose"",""Jaw""]",NA,33162,126822,
23,4,60,face_366.png,0,"[""Mouth"",""Eyes"",""Hair""]",NA,14687,141512,
23,5,20,face_102.png,0,"[""Mouth"",""Eyes"",""Jaw""]",NA,26431,167945,
23,6,60,face_178.png,0,"[""Mouth"",""Eyes"",""Hair""]",NA,13876,181822,
23,7,30,face_424.png,0,"[""Mouth"",""Jaw""]",NA,16376,198200,
23,8,40,face_079.png,0,"[""Jaw"",""Hair""]",NA,14678,212881,
23,9,70,face_255.png,0,"[""Mouth"",""Eyes""]",NA,26233,239115,
24,0,20,face_255.png,0,"[""Mouth"",""Nose"",""Jaw"",""Hair"",""Other""]",eyerbrows and wrinkles,180170,180173,
24,1,50,face_146.png,0,"[""Mouth"",""Eyes"",""Hair"",""Other""]",eyebrows,44249,224424,
24,2,60,face_029.png,0,"[""Mouth"",""Eyes"",""Jaw"",""Hair""]",NA,36580,261008,
24,3,50,face_079.png,0,"[""Mouth"",""Nose"",""Jaw"",""Hair"",""Other""]",face shape,42621,303632,
24,4,10,face_250.png,0,"[""Mouth"",""Eyes"",""Hair"",""Other""]",eyebrows,50964,354598,
24,5,30,face_431.png,0,"[""Eyes"",""Nose"",""Hair""]",NA,29319,383919,
24,6,NA,face_076.png,0,NA,NA,21494,405415,
24,7,70,face_333.png,0,"[""Mouth"",""Eyes"",""Jaw"",""Hair"",""Other""]",eyebrows,21728,427143,
24,8,80,face_378.png,0,"[""Mouth"",""Eyes"",""Hair""]",NA,46592,473737,
24,9,NA,face_260.png,0,NA,NA,27864,501604,
25,0,40,face_239.png,0,"[""Eyes"",""Hair""]",NA,30390,30393,
25,1,20,face_353.png,0,"[""Eyes"",""Nose""]",NA,14701,45095,
25,2,40,face_010.png,0,"[""Mouth"",""Nose""]",NA,8912,54008,
25,3,40,face_076.png,0,"[""Mouth"",""Nose""]",NA,15921,69930,
25,4,10,face_079.png,0,"[""Eyes"",""Nose"",""Other""]","cheeks, face shape",19168,89098,
25,5,0,face_160.png,0,"[""Mouth"",""Eyes"",""Nose"",""Jaw""]",NA,14146,103245,
25,6,30,face_260.png,0,"[""Jaw"",""Hair""]",NA,61548,164795,
25,7,50,face_021.png,0,"[""Eyes"",""Nose""]",NA,9864,174662,
25,8,30,face_151.png,0,"[""Nose"",""Hair""]",NA,7321,181983,
25,9,50,face_103.png,0,"[""Mouth""]",NA,5839,187824,
26,0,60,face_376.png,0,"[""Eyes""]",NA,26616,26616,
26,1,50,face_073.png,0,"[""Mouth""]",NA,9783,36401,
26,2,20,face_320.png,0,[],NA,15532,51934,
26,3,50,face_313.png,0,"[""Mouth"",""Eyes""]",NA,14430,66365,
26,4,10,face_001.png,0,[],NA,7298,73664,
26,5,20,face_180.png,0,"[""Eyes""]",NA,11582,85248,
26,6,10,face_085.png,0,[],NA,10448,95699,
26,7,90,face_260.png,0,"[""Mouth"",""Eyes"",""Hair""]",NA,23181,118881,
26,8,50,face_270.png,0,"[""Mouth""]",NA,15850,134733,
26,9,10,face_059.png,0,[],NA,7429,142164,
27,0,10,face_424.png,0,"[""Nose"",""Hair""]",NA,34790,34803,
27,1,0,face_358.png,0,"[""Hair""]",NA,14535,49343,
27,2,40,face_200.png,0,"[""Mouth"",""Eyes"",""Other""]",Clear skin,32981,82330,
27,3,30,face_060.png,0,"[""Mouth"",""Eyes""]",NA,18565,100899,
27,4,60,face_277.png,0,"[""Eyes"",""Hair""]",NA,23212,124115,
27,5,20,face_054.png,0,[],NA,18265,142384,
27,6,50,face_039.png,0,"[""Mouth"",""Eyes""]",NA,15983,158371,
27,7,50,face_378.png,0,"[""Jaw"",""Hair""]",NA,13111,171486,
27,8,50,face_309.png,0,"[""Eyes""]",NA,8845,180335,
27,9,10,face_422.png,0,"[""Nose""]",NA,12617,192955,
28,0,30,face_054.png,0,[],NA,2754,2755,
28,1,10,face_054.png,0,"[""Eyes""]",NA,27041,29799,
28,2,50,face_325.png,0,"[""Eyes"",""Hair""]",NA,1238,31038,
28,3,70,face_325.png,0,"[""Mouth"",""Eyes"",""Nose""]",NA,28816,59854,
28,4,50,face_250.png,0,"[""Nose""]",NA,1559,61414,
28,5,0,face_250.png,0,"[""Mouth""]",NA,17205,78620,
28,6,50,face_062.png,0,"[""Jaw""]",NA,1465,80086,
28,7,30,face_062.png,0,"[""Mouth"",""Hair""]",NA,22834,102920,
28,8,70,face_265.png,0,"[""Eyes""]",NA,1248,104169,
28,9,70,face_265.png,0,"[""Mouth"",""Eyes"",""Nose""]",NA,13111,117280,
28,10,NA,face_333.png,NA,NA,NA,1955,119237,
28,11,90,face_333.png,0,"[""Mouth"",""Eyes"",""Nose"",""Ears"",""Jaw""]",NA,23127,142364,
28,12,NA,face_095.png,NA,NA,NA,1026,143391,
28,13,40,face_095.png,0,"[""Mouth""]",NA,11557,154949,
28,14,NA,face_392.png,NA,NA,NA,746,155695,
28,15,20,face_392.png,0,"[""Eyes""]",NA,17406,173102,
28,16,NA,face_167.png,NA,NA,NA,993,174096,
28,17,0,face_167.png,0,"[""Eyes""]",NA,10493,184590,
28,18,NA,face_438.png,NA,NA,NA,4544,189135,
28,19,50,face_438.png,0,"[""Mouth"",""Eyes"",""Jaw""]",NA,23436,212573,
29,0,20,face_421.png,m,"[""Eyes"",""Nose""]",NA,826,827,
29,1,60,face_421.png,0,"[""Nose"",""Hair"",""Other""]",British,97361,98188,
29,2,60,face_255.png,k,"[""Eyes"",""Nose"",""Hair""]",NA,2867,101055,
29,3,30,face_255.png,0,"[""Mouth"",""Hair""]",NA,35814,136870,
29,4,70,face_011.png,m,"[""Mouth"",""Eyes"",""Jaw""]",NA,2843,139714,
29,5,70,face_011.png,0,"[""Eyes"",""Jaw""]",NA,20853,160568,
29,6,70,face_333.png,",",[],NA,2511,163079,
29,7,70,face_333.png,0,"[""Eyes""]",NA,82990,246069,
29,8,50,face_178.png,",",[],NA,2626,248696,
29,9,60,face_178.png,0,"[""Other""]",forhead,18954,267650,
29,10,NA,face_204.png,m,NA,NA,1674,269324,
29,11,60,face_204.png,0,"[""Mouth"",""Hair""]",NA,7254,276579,
29,12,NA,face_095.png,m,NA,NA,1649,278229,
29,13,40,face_095.png,0,"[""Jaw"",""Hair""]",NA,14423,292653,
29,14,NA,face_199.png,m,NA,NA,1907,294561,
29,15,60,face_199.png,0,"[""Mouth"",""Eyes""]",NA,8742,303303,
29,16,NA,face_147.png,m,NA,NA,1565,304869,
29,17,90,face_147.png,0,"[""Eyes"",""Nose"",""Jaw""]",NA,21982,326851,
29,18,NA,face_239.png,k,NA,NA,1473,328325,
29,19,40,face_239.png,0,"[""Mouth"",""Other""]",NA,15378,343703,
30,0,60,face_376.png,0,"[""Mouth"",""Eyes""]",NA,19139,19144,
30,1,20,face_011.png,0,"[""Eyes"",""Jaw""]",NA,10550,29700,
30,2,0,face_115.png,0,[],NA,4601,34314,
30,3,0,face_433.png,0,[],NA,3471,37792,
30,4,10,face_309.png,0,"[""Ears""]",NA,5369,43169,
30,5,0,face_137.png,0,[],NA,8220,51393,
30,6,20,face_388.png,0,"[""Eyes"",""Nose""]",NA,4841,56236,
30,7,50,face_167.png,0,"[""Mouth"",""Hair""]",NA,6608,62850,
30,8,30,face_313.png,0,"[""Mouth""]",NA,4863,67718,
30,9,0,face_184.png,0,[],NA,4558,72284,
31,0,60,face_001.png,0,"[""Eyes"",""Hair""]",NA,14850,14856,
31,1,70,face_350.png,0,"[""Mouth""]",NA,16129,30990,
31,2,30,face_102.png,0,"[""Eyes"",""Nose""]",NA,15491,46484,
31,3,60,face_420.png,0,"[""Jaw""]",NA,13721,60208,
31,4,30,face_472.png,0,"[""Mouth"",""Hair""]",NA,15177,75390,
31,5,60,face_039.png,0,"[""Mouth"",""Eyes""]",NA,12199,87593,
31,6,80,face_325.png,0,"[""Mouth"",""Eyes""]",NA,11761,99357,
31,7,70,face_355.png,0,"[""Eyes"",""Nose""]",NA,8907,108268,
31,8,30,face_388.png,0,"[""Nose"",""Hair""]",NA,8356,116627,
31,9,60,face_162.png,0,"[""Jaw"",""Hair""]",NA,8594,125225,
32,0,20,face_054.png,0,"[""Jaw"",""Hair""]",NA,19298,19300,
32,1,50,face_030.png,0,"[""Mouth"",""Hair""]",NA,13968,33272,
32,2,30,face_117.png,0,"[""Mouth"",""Eyes""]",NA,16177,49453,
32,3,30,face_077.png,0,"[""Mouth"",""Jaw"",""Hair""]",NA,8143,57600,
32,4,40,face_184.png,0,"[""Mouth"",""Hair""]",NA,7163,64766,
32,5,40,face_204.png,0,"[""Eyes"",""Nose""]",NA,9589,74359,
32,6,60,face_147.png,0,"[""Mouth"",""Nose""]",NA,9933,84296,
32,7,40,face_433.png,0,"[""Nose"",""Hair""]",NA,9646,93945,
32,8,70,face_357.png,0,"[""Eyes"",""Hair""]",NA,9457,103404,
32,9,30,face_424.png,0,"[""Mouth"",""Eyes"",""Nose""]",NA,8758,112167,
33,0,60,face_174.png,0,"[""Eyes""]",NA,12309,12314,
33,1,60,face_200.png,0,"[""Ears""]",NA,17292,29611,
33,2,40,face_030.png,0,"[""Eyes""]",NA,9037,38655,
33,3,20,face_388.png,0,"[""Mouth""]",NA,43340,82000,
33,4,30,face_095.png,0,"[""Mouth""]",NA,26193,108198,
33,5,70,face_184.png,0,"[""Eyes""]",NA,8237,116440,
33,6,60,face_239.png,0,"[""Eyes""]",NA,4796,121241,
33,7,40,face_149.png,0,"[""Mouth""]",NA,11905,133154,
33,8,20,face_241.png,0,"[""Mouth""]",NA,7974,141133,
33,9,30,face_001.png,0,"[""Mouth""]",NA,6245,147385,
34,0,10,face_366.png,0,"[""Nose"",""Ears"",""Jaw""]",NA,24990,25002,
34,1,100,face_463.png,0,"[""Eyes""]",NA,11371,36378,
34,2,20,face_421.png,0,"[""Mouth"",""Ears""]",NA,18995,55376,
34,3,70,face_390.png,0,"[""Mouth"",""Eyes"",""Nose"",""Hair""]",NA,14659,70037,
34,4,60,face_029.png,0,"[""Eyes"",""Jaw"",""Hair""]",NA,11955,81995,
34,5,70,face_011.png,0,"[""Eyes"",""Nose"",""Jaw""]",NA,11988,93986,
34,6,60,face_095.png,0,"[""Mouth""]",NA,11960,105948,
34,7,80,face_315.png,0,"[""Eyes"",""Nose"",""Ears""]",NA,17472,123423,
34,8,70,face_155.png,0,"[""Hair""]",NA,9886,133312,
34,9,80,face_076.png,0,"[""Eyes""]",NA,5465,138779,
35,0,10,face_472.png,0,[],NA,19469,19473,
35,1,0,face_102.png,0,[],NA,4642,24120,
35,2,0,face_420.png,0,[],NA,2999,27122,
35,3,70,face_404.png,0,"[""Eyes""]",NA,11416,38541,
35,4,10,face_033.png,0,[],NA,3874,42418,
35,5,30,face_355.png,0,"[""Eyes""]",NA,7713,50133,
35,6,10,face_092.png,0,[],NA,2700,52835,
35,7,40,face_419.png,0,"[""Mouth""]",NA,6521,59359,
35,8,20,face_146.png,0,[],NA,4582,63944,
35,9,60,face_080.png,0,"[""Mouth"",""Jaw""]",NA,20077,84023,
36,0,40,face_411.png,0,"[""Nose""]",NA,165126,165132,
36,1,80,face_372.png,0,"[""Mouth"",""Eyes"",""Hair""]",NA,13519,178659,
36,2,60,face_147.png,0,"[""Eyes"",""Nose""]",NA,9282,187944,
36,3,80,face_133.png,0,"[""Mouth"",""Eyes"",""Nose"",""Hair""]",NA,13325,201274,
36,4,40,face_011.png,0,"[""Eyes"",""Nose""]",NA,9115,210393,
36,5,20,face_275.png,0,[],NA,10013,220410,
36,6,70,face_155.png,0,"[""Mouth"",""Eyes""]",NA,8919,229333,
36,7,60,face_039.png,0,"[""Mouth"",""Eyes""]",NA,8378,237715,
36,8,60,face_162.png,0,"[""Eyes"",""Nose""]",NA,5407,243123,
36,9,30,face_387.png,0,"[""Eyes""]",NA,5274,248401,
37,0,0,face_156.png,0,[],NA,8300,8303,
37,1,0,face_358.png,0,[],NA,5636,13943,
37,2,70,face_238.png,0,"[""Mouth"",""Eyes""]",NA,11510,25454,
37,3,50,face_423.png,0,"[""Eyes""]",NA,12284,37744,
37,4,30,face_419.png,0,"[""Eyes""]",NA,7547,45296,
37,5,10,face_140.png,0,"[""Eyes""]",NA,5748,51047,
37,6,10,face_277.png,0,[],NA,6576,57627,
37,7,30,face_039.png,0,"[""Mouth""]",NA,5498,63133,
37,8,70,face_199.png,0,"[""Eyes"",""Nose""]",NA,5993,69129,
37,9,50,face_438.png,0,"[""Other""]",NA,8721,77856,
38,0,60,face_136.png,0,"[""Hair""]",NA,22250,22253,
38,1,30,face_404.png,0,"[""Eyes""]",NA,20969,43223,
38,2,20,face_167.png,0,"[""Eyes""]",NA,18543,61770,
38,3,70,face_199.png,0,"[""Mouth"",""Eyes""]",NA,8471,70242,
38,4,60,face_076.png,0,"[""Eyes"",""Jaw"",""Hair""]",NA,15082,85334,
38,5,40,face_435.png,0,"[""Eyes"",""Hair""]",NA,13930,99268,
38,6,20,face_218.png,0,"[""Hair""]",NA,5411,104682,
38,7,70,face_313.png,0,"[""Mouth"",""Jaw""]",NA,11080,115766,
38,8,80,face_073.png,0,"[""Eyes"",""Nose"",""Hair""]",NA,13896,129665,
38,9,10,face_156.png,0,"[""Nose"",""Jaw""]",NA,7589,137257,
39,0,20,face_388.png,0,"[""Nose""]",NA,45338,45339,
39,1,80,face_325.png,0,"[""Mouth"",""Eyes"",""Nose"",""Hair"",""Other""]",Eyebrows,35805,81159,
39,2,30,face_320.png,0,"[""Mouth""]",NA,22255,103417,
39,3,30,face_422.png,0,"[""Nose""]",NA,29245,132666,
39,4,50,face_250.png,0,"[""Mouth"",""Eyes"",""Other""]",Eyebrows,34020,166694,
39,5,40,face_041.png,0,"[""Nose"",""Ears"",""Jaw""]",NA,29051,195750,
39,6,50,face_085.png,0,"[""Mouth"",""Eyes"",""Nose"",""Jaw"",""Hair""]",NA,29471,225226,
39,7,10,face_275.png,0,[],NA,13281,238511,
39,8,40,face_020.png,0,"[""Mouth"",""Eyes"",""Nose"",""Hair"",""Other""]",Eyebrows,52826,291342,
39,9,50,face_162.png,0,"[""Eyes"",""Nose"",""Ears"",""Jaw"",""Other""]","Cheekbones are well defined, and she also looks presentable (perhaps the blush)",86920,378265,
40,0,30,face_151.png,0,[],NA,11261,11265,
40,1,30,face_077.png,0,[],NA,6669,17940,
40,2,40,face_315.png,0,"[""Jaw""]",NA,5311,23256,
40,3,20,face_422.png,0,"[""Eyes""]",NA,7252,30513,
40,4,40,face_241.png,0,"[""Mouth"",""Nose""]",NA,10287,40807,
40,5,60,face_217.png,0,"[""Mouth""]",NA,8745,49556,
40,6,50,face_378.png,0,[],NA,4270,53830,
40,7,40,face_078.png,0,"[""Nose""]",NA,5102,58937,
40,8,30,face_115.png,0,[],NA,4408,63350,
40,9,70,face_377.png,0,[],NA,3827,67180,
41,0,40,face_133.png,0,"[""Mouth"",""Nose""]",NA,46020,46037,
41,1,20,face_077.png,0,"[""Nose""]",NA,34062,80125,
41,2,20,face_419.png,0,"[""Eyes"",""Nose""]",NA,11434,91564,
41,3,50,face_200.png,0,"[""Mouth"",""Eyes"",""Hair""]",NA,11199,102767,
41,4,40,face_013.png,0,"[""Eyes"",""Nose"",""Hair""]",NA,13132,115908,
41,5,50,face_390.png,0,"[""Mouth"",""Eyes"",""Nose"",""Hair""]",NA,11898,127811,
41,6,10,face_358.png,0,"[""Nose""]",NA,14580,142394,
41,7,0,face_230.png,0,"[""Eyes""]",NA,17436,159833,
41,8,0,face_054.png,0,[],NA,4092,163929,
41,9,10,face_030.png,0,"[""Eyes""]",NA,9078,173012,
42,0,40,face_357.png,0,"[""Mouth"",""Eyes"",""Jaw""]",NA,27273,27279,
42,1,40,face_318.png,0,"[""Mouth"",""Eyes"",""Hair""]",NA,21327,48612,
42,2,60,face_151.png,0,"[""Mouth"",""Eyes""]",NA,12707,61322,
42,3,60,face_355.png,0,"[""Eyes"",""Hair""]",NA,15242,76567,
42,4,40,face_030.png,0,"[""Eyes"",""Jaw""]",NA,22911,99483,
42,5,30,face_238.png,0,"[""Eyes""]",NA,16786,116274,
42,6,10,face_140.png,0,"[""Eyes"",""Nose""]",NA,18584,134862,
42,7,90,face_199.png,0,"[""Mouth"",""Eyes"",""Hair""]",NA,11593,146458,
42,8,90,face_359.png,0,"[""Mouth"",""Eyes"",""Jaw"",""Hair""]",NA,11423,157884,
42,9,30,face_001.png,0,"[""Mouth"",""Eyes"",""Nose""]",NA,11951,169841,
43,0,10,face_387.png,0,"[""Eyes""]",NA,17907,17909,
43,1,10,face_366.png,0,"[""Eyes""]",NA,8300,26215,
43,2,20,face_350.png,0,"[""Mouth"",""Eyes""]",NA,12036,38255,
43,3,20,face_021.png,0,"[""Eyes"",""Nose""]",NA,8689,46948,
43,4,20,face_108.png,0,"[""Eyes""]",NA,10784,57738,
43,5,20,face_352.png,0,"[""Eyes""]",NA,8407,66150,
43,6,70,face_390.png,0,"[""Mouth"",""Eyes"",""Nose"",""Hair""]",NA,18913,85067,
43,7,20,face_411.png,0,"[""Mouth""]",NA,17548,102619,
43,8,80,face_073.png,0,"[""Mouth"",""Eyes"",""Nose"",""Hair""]",NA,16449,119072,
43,9,40,face_331.png,0,"[""Eyes"",""Hair""]",NA,11871,130947,
44,0,50,face_425.png,0,[],NA,18138,18146,
44,1,50,face_076.png,0,[],NA,12878,31027,
44,2,50,face_411.png,0,[],NA,11403,42434,
44,3,50,face_431.png,0,[],NA,4583,47020,
44,4,50,face_320.png,0,[],NA,4443,51469,
44,5,50,face_217.png,0,[],NA,3385,54859,
44,6,50,face_199.png,0,[],NA,3714,58577,
44,7,50,face_146.png,0,[],NA,8765,67345,
44,8,50,face_103.png,0,[],NA,4698,72048,
44,9,50,face_054.png,0,[],NA,3045,75096,
45,0,60,face_392.png,0,"[""Eyes""]",NA,17309,17310,
45,1,50,face_411.png,0,[],NA,47690,65003,
45,2,70,face_174.png,0,"[""Eyes""]",NA,7650,72657,
45,3,60,face_331.png,0,"[""Other""]",Cheekbones,16390,89050,
45,4,40,face_057.png,0,"[""Eyes""]",NA,7484,96537,
45,5,80,face_076.png,0,"[""Mouth"",""Eyes"",""Nose"",""Hair""]",NA,13624,110164,
45,6,60,face_239.png,0,"[""Eyes"",""Hair""]",NA,6289,116455,
45,7,40,face_080.png,0,"[""Mouth""]",NA,11028,127486,
45,8,20,face_061.png,0,[],NA,5922,133411,
45,9,80,face_073.png,0,"[""Mouth"",""Eyes""]",NA,9282,142696,
46,0,10,face_366.png,0,"[""Eyes""]",NA,17283,17288,
46,1,60,face_408.png,0,"[""Eyes"",""Nose""]",NA,15636,32928,
46,2,0,face_205.png,0,[],NA,5345,38276,
46,3,50,face_220.png,0,"[""Eyes"",""Nose"",""Ears""]",NA,12472,50750,
46,4,0,face_388.png,0,[],NA,5348,56103,
46,5,0,face_162.png,0,[],NA,6491,62597,
46,6,0,face_095.png,0,[],NA,4413,67014,
46,7,10,face_218.png,0,"[""Eyes""]",NA,9429,76445,
46,8,0,face_117.png,0,[],NA,3561,80009,
46,9,60,face_185.png,0,"[""Eyes"",""Nose""]",NA,7844,87856,
47,0,20,face_424.png,0,"[""Eyes"",""Hair""]",NA,18051,18052,
47,1,70,face_463.png,0,"[""Mouth"",""Eyes""]",NA,18847,36903,
47,2,80,face_029.png,0,"[""Mouth"",""Eyes"",""Jaw"",""Hair""]",NA,16064,52970,
47,3,10,face_388.png,0,[],NA,7653,60625,
47,4,50,face_220.png,0,"[""Jaw""]",NA,18807,79438,
47,5,20,face_057.png,0,[],NA,38331,118402,
47,6,30,face_205.png,0,"[""Eyes""]",NA,6981,125390,
47,7,20,face_160.png,0,[],NA,13413,138805,
47,8,10,face_204.png,0,"[""Hair""]",NA,8341,147150,
47,9,20,face_285.png,0,"[""Eyes""]",NA,6892,154045,
48,0,30,face_080.png,0,"[""Mouth"",""Hair""]",NA,16220,16225,
48,1,70,face_419.png,0,"[""Mouth"",""Eyes""]",NA,10185,26416,
48,2,30,face_218.png,0,"[""Mouth"",""Eyes""]",NA,9132,35549,
48,3,80,face_325.png,0,"[""Mouth"",""Hair""]",NA,29069,64622,
48,4,30,face_283.png,0,"[""Eyes""]",NA,6724,71350,
48,5,70,face_146.png,0,"[""Mouth"",""Eyes""]",NA,6510,77864,
48,6,30,face_155.png,0,"[""Mouth"",""Hair""]",NA,10717,88585,
48,7,80,face_309.png,0,"[""Mouth"",""Eyes""]",NA,4816,93405,
48,8,70,face_431.png,0,"[""Eyes"",""Hair""]",NA,8040,101448,
48,9,30,face_103.png,0,"[""Mouth"",""Eyes""]",NA,5170,106620,
49,0,20,face_352.png,0,"[""Mouth"",""Nose"",""Jaw""]",NA,49720,49721,
49,1,0,face_092.png,0,"[""Mouth"",""Nose"",""Jaw"",""Hair""]",NA,21391,71116,
49,2,20,face_392.png,0,"[""Mouth"",""Eyes"",""Nose"",""Ears"",""Jaw"",""Hair""]",NA,42264,113381,
49,3,30,face_433.png,0,"[""Nose"",""Jaw""]",NA,16906,130292,
49,4,30,face_331.png,0,"[""Nose"",""Jaw""]",NA,11829,142125,
49,5,10,face_422.png,0,"[""Mouth"",""Eyes"",""Nose"",""Ears"",""Jaw"",""Hair""]",NA,10588,152718,
49,6,60,face_136.png,0,"[""Eyes"",""Jaw""]",NA,15753,168476,
49,7,10,face_167.png,0,"[""Mouth"",""Eyes"",""Nose"",""Ears"",""Jaw""]",NA,8664,177145,
49,8,10,face_205.png,0,"[""Mouth"",""Eyes"",""Nose"",""Jaw"",""Hair"",""Other""]",Age,44210,221359,
49,9,30,face_411.png,0,"[""Eyes"",""Nose"",""Jaw""]",NA,9960,231323,
50,0,10,face_137.png,0,"[""Mouth"",""Eyes"",""Nose"",""Jaw""]",NA,19319,19325,
50,1,80,face_033.png,0,"[""Mouth"",""Eyes""]",NA,11947,31275,
50,2,80,face_270.png,0,"[""Mouth"",""Eyes"",""Nose"",""Hair""]",NA,9861,41139,
50,3,90,face_199.png,0,"[""Mouth"",""Eyes"",""Hair""]",NA,8482,49624,
50,4,40,face_408.png,0,"[""Mouth"",""Eyes"",""Nose"",""Jaw""]",NA,12582,62210,
50,5,40,face_162.png,0,"[""Mouth"",""Eyes"",""Nose"",""Jaw""]",NA,10670,72882,
50,6,NA,face_029.png,0,NA,NA,6909,79797,
50,7,70,face_251.png,0,"[""Mouth"",""Eyes"",""Nose""]",NA,13549,93348,
50,8,20,face_011.png,0,"[""Eyes"",""Nose"",""Hair""]",NA,8149,101503,
50,9,80,face_438.png,0,"[""Mouth"",""Eyes"",""Nose"",""Hair""]",NA,9519,111025,
51,0,10,face_103.png,0,"[""Hair""]",NA,16112,16121,
51,1,70,face_372.png,0,"[""Eyes"",""Hair""]",NA,14418,30545,
51,2,0,face_352.png,0,"[""Other""]",NA,7080,37627,
51,3,30,face_155.png,0,"[""Hair""]",NA,5871,43502,
51,4,10,face_095.png,0,[],NA,7771,51280,
51,5,30,face_151.png,0,"[""Mouth""]",NA,9609,60891,
51,6,60,face_146.png,0,"[""Eyes"",""Hair""]",NA,10329,71224,
51,7,0,face_102.png,0,[],NA,7385,78614,
51,8,0,face_020.png,0,[],NA,3821,82441,
51,9,0,face_156.png,0,[],NA,3392,85835,
52,0,20,face_390.png,0,"[""Eyes""]",NA,34352,34357,
52,1,10,face_285.png,0,"[""Eyes""]",NA,14534,48894,
52,2,10,face_167.png,0,"[""Nose"",""Hair""]",NA,15340,64237,
52,3,0,face_265.png,0,[],NA,15589,79828,
52,4,10,face_313.png,0,"[""Eyes""]",NA,13160,92991,
52,5,0,face_061.png,0,[],NA,5237,98232,
52,6,10,face_199.png,0,"[""Eyes"",""Nose"",""Hair""]",NA,12960,111195,
52,7,0,face_029.png,0,[],NA,9647,120845,
52,8,30,face_076.png,0,"[""Mouth"",""Eyes""]",NA,16440,137289,
52,9,0,face_184.png,0,[],NA,5603,142894,
53,0,60,face_030.png,0,"[""Eyes""]",NA,9573,9585,
53,1,0,face_011.png,0,"[""Mouth"",""Eyes""]",NA,10593,20187,
53,2,10,face_204.png,0,"[""Mouth""]",NA,6070,26261,
53,3,20,face_077.png,0,"[""Mouth""]",NA,4345,30612,
53,4,60,face_425.png,0,"[""Mouth"",""Eyes""]",NA,6954,37571,
53,5,40,face_185.png,0,"[""Eyes""]",NA,8812,46388,
53,6,0,face_472.png,0,"[""Mouth""]",NA,5285,51677,
53,7,40,face_199.png,0,"[""Mouth"",""Nose""]",NA,4921,56603,
53,8,10,face_080.png,0,"[""Mouth"",""Nose""]",NA,8304,64911,
53,9,80,face_060.png,0,"[""Mouth"",""Eyes""]",NA,7751,72666,
54,0,50,face_149.png,0,"[""Eyes"",""Hair""]",NA,19911,19921,
54,1,40,face_366.png,0,"[""Mouth""]",NA,9696,29624,
54,2,50,face_309.png,0,"[""Mouth"",""Eyes""]",NA,8206,37834,
54,3,30,face_011.png,0,"[""Mouth""]",NA,9543,47379,
54,4,40,face_033.png,0,[],NA,17036,64420,
54,5,10,face_021.png,0,[],NA,7060,71485,
54,6,0,face_387.png,0,[],NA,5208,76698,
54,7,70,face_333.png,0,"[""Mouth"",""Eyes""]",NA,7308,84010,
54,8,20,face_431.png,0,[],NA,5514,89528,
54,9,50,face_419.png,0,[],NA,6333,95868,
55,0,0,face_411.png,0,[],NA,19644,19656,
55,1,0,face_473.png,0,[],NA,6701,26365,
55,2,0,face_378.png,0,[],NA,3929,30300,
55,3,0,face_054.png,0,[],NA,4298,34601,
55,4,0,face_108.png,0,[],NA,7545,42153,
55,5,0,face_041.png,0,[],NA,6313,48471,
55,6,70,face_463.png,0,"[""Mouth"",""Eyes"",""Nose""]",NA,13350,61824,
55,7,70,face_200.png,0,"[""Eyes""]",NA,15651,77479,
55,8,60,face_020.png,0,"[""Mouth""]",NA,6932,84415,
55,9,0,face_140.png,0,[],NA,3762,88183,
56,0,20,face_010.png,0,"[""Eyes"",""Hair""]",NA,27545,27496,
56,1,30,face_283.png,0,"[""Mouth"",""Eyes"",""Hair""]",NA,57738,85239,
56,2,70,face_420.png,0,"[""Eyes"",""Nose""]",NA,10199,95441,
56,3,60,face_251.png,0,"[""Eyes"",""Nose""]",NA,12487,107931,
56,4,60,face_325.png,0,"[""Mouth"",""Eyes"",""Jaw"",""Hair""]",NA,15650,123587,
56,5,40,face_185.png,0,"[""Mouth"",""Nose"",""Hair""]",NA,17442,141033,
56,6,40,face_352.png,0,"[""Mouth"",""Nose"",""Jaw""]",NA,36938,177976,
56,7,70,face_472.png,0,"[""Eyes"",""Nose"",""Jaw""]",NA,43812,221791,
56,8,90,face_390.png,0,"[""Mouth"",""Eyes"",""Nose"",""Ears"",""Jaw"",""Hair""]",NA,23955,245749,
56,9,70,face_377.png,0,"[""Mouth"",""Eyes"",""Ears"",""Jaw""]",NA,13164,258917,
57,0,50,face_204.png,0,"[""Other""]",Fat,20121,20133,
57,1,30,face_260.png,0,"[""Nose"",""Jaw""]",NA,14329,34467,
57,2,20,face_265.png,0,[],NA,29819,64290,
57,3,50,face_220.png,0,[],NA,4701,69044,
57,4,30,face_147.png,0,[],NA,5591,74643,
57,5,10,face_062.png,0,[],NA,3962,78609,
57,6,60,face_372.png,0,"[""Mouth"",""Eyes""]",NA,10399,89012,
57,7,20,face_151.png,0,"[""Mouth""]",NA,6329,95345,
57,8,20,face_387.png,0,"[""Mouth""]",NA,11177,106528,
57,9,10,face_178.png,0,"[""Mouth""]",NA,5263,111795,
58,0,70,face_103.png,0,"[""Eyes""]",NA,10930,10939,
58,1,70,face_408.png,0,"[""Mouth"",""Eyes""]",NA,6335,17285,
58,2,60,face_178.png,0,"[""Mouth"",""Eyes""]",NA,7247,24535,
58,3,30,face_387.png,0,[],NA,3475,28015,
58,4,70,face_377.png,0,"[""Mouth"",""Eyes""]",NA,14194,42213,
58,5,40,face_102.png,0,[],NA,3752,45970,
58,6,30,face_011.png,0,[],NA,2376,48352,
58,7,50,face_392.png,0,[],NA,5113,53469,
58,8,60,face_151.png,0,"[""Eyes""]",NA,5239,58712,
58,9,70,face_200.png,0,[],NA,4910,63626,
59,0,50,face_167.png,0,"[""Eyes""]",NA,33491,33499,
59,1,50,face_411.png,0,"[""Other""]",Good skin,22307,55813,
59,2,70,face_404.png,0,"[""Eyes""]",NA,19344,75160,
59,3,40,face_318.png,0,[],NA,4784,79948,
59,4,40,face_054.png,0,"[""Eyes""]",NA,16024,95978,
59,5,70,face_146.png,0,"[""Mouth"",""Eyes"",""Nose""]",NA,14961,110942,
59,6,40,face_059.png,0,"[""Nose""]",NA,19509,130455,
59,7,30,face_358.png,0,[],NA,4599,135058,
59,8,20,face_422.png,0,[],NA,5652,140714,
59,9,80,face_030.png,0,[],NA,4696,145414,
60,0,50,face_077.png,0,"[""Hair""]",NA,28911,28912,
60,1,0,face_078.png,0,"[""Eyes""]",NA,12044,40959,
60,2,30,face_419.png,0,"[""Other""]",smile,19891,60853,
60,3,0,face_392.png,0,"[""Eyes""]",NA,5510,66365,
60,4,30,face_059.png,0,"[""Nose""]",NA,8128,74495,
60,5,0,face_108.png,0,"[""Eyes""]",NA,10344,84841,
60,6,20,face_220.png,0,[],NA,15991,100835,
60,7,50,face_238.png,0,"[""Mouth"",""Eyes"",""Nose""]",NA,8675,109512,
60,8,30,face_149.png,0,"[""Eyes""]",NA,6011,115525,
60,9,0,face_102.png,0,[],NA,4851,120379,
61,0,20,face_137.png,0,"[""Mouth"",""Eyes""]",NA,23575,23584,
61,1,20,face_010.png,0,"[""Mouth"",""Eyes"",""Jaw""]",NA,18613,42204,
61,2,60,face_318.png,0,"[""Mouth"",""Eyes"",""Hair""]",NA,16608,58816,
61,3,50,face_239.png,0,"[""Mouth"",""Eyes"",""Jaw"",""Hair""]",NA,11125,69944,
61,4,50,face_424.png,0,"[""Hair""]",NA,8042,77991,
61,5,40,face_421.png,0,"[""Mouth"",""Eyes"",""Nose"",""Jaw""]",NA,16951,94947,
61,6,50,face_108.png,0,"[""Mouth"",""Eyes"",""Jaw"",""Other""]",Happiness,50040,144988,
61,7,0,face_425.png,0,[],NA,7337,152329,
61,8,30,face_435.png,0,"[""Eyes""]",NA,7144,159477,
61,9,50,face_285.png,0,"[""Mouth"",""Eyes"",""Jaw"",""Hair""]",NA,17701,177180,
62,0,0,face_137.png,0,"[""Mouth""]",NA,44873,44874,
62,1,60,face_133.png,0,"[""Mouth""]",NA,91262,136138,
62,2,40,face_404.png,0,"[""Other""]",skin,24839,160977,
62,3,30,face_077.png,0,"[""Nose""]",NA,9261,170239,
62,4,60,face_162.png,0,"[""Eyes""]",NA,24118,194358,
62,5,70,face_039.png,0,"[""Mouth"",""Eyes""]",NA,48206,242564,
62,6,40,face_020.png,0,"[""Hair""]",NA,6255,248821,
62,7,0,face_313.png,0,"[""Eyes""]",NA,17890,266711,
62,8,0,face_041.png,0,[],NA,7447,274159,
62,9,0,face_388.png,0,[],NA,9156,283315,
63,0,70,face_355.png,0,"[""Mouth"",""Eyes""]",NA,15777,15781,
63,1,30,face_230.png,0,"[""Mouth"",""Other""]","eyebrows, age",46100,61888,
63,2,30,face_285.png,0,"[""Mouth"",""Eyes""]",NA,7014,68907,
63,3,50,face_103.png,0,"[""Mouth"",""Eyes""]",NA,5997,74908,
63,4,30,face_061.png,0,"[""Hair""]",NA,6219,81133,
63,5,60,face_239.png,0,"[""Eyes"",""Hair""]",NA,12808,93942,
63,6,80,face_270.png,0,"[""Mouth"",""Eyes""]",NA,9773,103720,
63,7,60,face_199.png,0,"[""Mouth"",""Eyes"",""Nose""]",NA,7244,110969,
63,8,30,face_473.png,0,"[""Eyes"",""Jaw""]",NA,15558,126531,
63,9,30,face_102.png,0,"[""Nose"",""Jaw""]",NA,9972,136507,
64,0,10,face_030.png,0,[],NA,12757,12761,
64,1,0,face_285.png,0,[],NA,4626,17391,
64,2,0,face_425.png,0,[],NA,3675,21069,
64,3,20,face_079.png,0,[],NA,5642,26715,
64,4,10,face_309.png,0,[],NA,4365,31085,
64,5,10,face_472.png,0,[],NA,4450,35536,
64,6,10,face_007.png,0,[],NA,3555,39094,
64,7,10,face_010.png,0,[],NA,3257,42354,
64,8,0,face_140.png,0,[],NA,5281,47637,
64,9,0,face_115.png,0,[],NA,2368,50009,
65,0,50,face_059.png,0,"[""Mouth"",""Eyes"",""Hair""]",NA,18536,18546,
65,1,40,face_039.png,0,"[""Eyes"",""Jaw""]",NA,17648,36200,
65,2,70,face_265.png,0,"[""Mouth"",""Eyes"",""Jaw"",""Hair""]",NA,9527,45728,
65,3,60,face_309.png,0,"[""Mouth"",""Eyes"",""Hair""]",NA,11289,57020,
65,4,50,face_352.png,0,"[""Eyes"",""Hair""]",NA,11719,68743,
65,5,40,face_275.png,0,"[""Eyes"",""Nose""]",NA,12394,81140,
65,6,60,face_160.png,0,"[""Mouth"",""Eyes"",""Hair""]",NA,12769,93911,
65,7,60,face_180.png,0,"[""Eyes"",""Nose"",""Hair""]",NA,10611,104524,
65,8,70,face_387.png,0,"[""Eyes"",""Hair""]",NA,11923,116449,
65,9,50,face_422.png,0,"[""Eyes"",""Hair""]",NA,18464,134916,
66,0,30,face_013.png,0,"[""Eyes""]",NA,18607,18620,
66,1,20,face_160.png,0,"[""Other""]",Not attracted,20057,38684,
66,2,50,face_095.png,0,"[""Other""]",Nothing specific. Just looks intelligent,26155,64844,
66,3,40,face_220.png,0,"[""Nose""]",NA,9777,74625,
66,4,0,face_433.png,0,"[""Other""]",Not attracted,14316,88943,
66,5,50,face_140.png,0,"[""Eyes""]",NA,6587,95545,
66,6,40,face_146.png,0,"[""Mouth""]",NA,11214,106764,
66,7,0,face_062.png,0,[],NA,4071,110840,
66,8,70,face_061.png,0,"[""Mouth""]",NA,7990,118836,
66,9,20,face_200.png,0,[],NA,6420,125260,
67,0,50,face_178.png,0,"[""Mouth"",""Other""]",Cheeks,41749,41758,
67,1,60,face_092.png,0,"[""Eyes"",""Hair"",""Other""]",Eye lashes,22929,64692,
67,2,50,face_230.png,0,"[""Eyes""]",NA,15102,79799,
67,3,40,face_331.png,0,"[""Eyes""]",NA,15043,94846,
67,4,50,face_260.png,0,"[""Mouth""]",NA,20391,115243,
67,5,60,face_041.png,0,"[""Mouth"",""Nose"",""Jaw"",""Other""]",Cheeks,25455,140703,
67,6,70,face_285.png,0,"[""Mouth"",""Eyes"",""Hair""]",NA,15589,156296,
67,7,40,face_095.png,0,"[""Eyes"",""Nose""]",NA,26393,182694,
67,8,30,face_132.png,0,"[""Mouth"",""Eyes"",""Hair""]",NA,11466,194165,
67,9,40,face_059.png,0,"[""Nose""]",NA,16150,210318,
68,0,50,face_184.png,0,"[""Nose"",""Hair""]",NA,29079,29081,
68,1,30,face_001.png,0,"[""Eyes"",""Ears""]",NA,20915,50002,
68,2,60,face_155.png,0,"[""Mouth"",""Eyes"",""Hair"",""Other""]",Eyebrows,25638,75644,
68,3,50,face_265.png,0,"[""Mouth"",""Hair""]",NA,24233,99879,
68,4,30,face_059.png,0,"[""Mouth""]",NA,14570,114452,
68,5,60,face_102.png,0,"[""Eyes"",""Hair""]",NA,44846,159301,
68,6,30,face_241.png,0,"[""Eyes""]",NA,16274,175579,
68,7,40,face_425.png,0,"[""Mouth"",""Ears""]",NA,82329,270324,
68,8,50,face_200.png,0,"[""Mouth"",""Eyes"",""Ears""]",NA,21110,291440,
68,9,50,face_390.png,0,"[""Mouth"",""Nose"",""Ears"",""Hair""]",NA,26864,318309,
69,0,0,face_277.png,0,[],NA,11130,11135,
69,1,0,face_390.png,0,[],NA,3266,14404,
69,2,0,face_250.png,0,[],NA,3396,17804,
69,3,10,face_239.png,0,[],NA,3998,21806,
69,4,0,face_404.png,0,[],NA,3498,25309,
69,5,0,face_149.png,0,[],NA,2799,28111,
69,6,10,face_355.png,0,[],NA,4178,32293,
69,7,0,face_062.png,0,[],NA,2934,35231,
69,8,0,face_001.png,0,[],NA,4296,39532,
69,9,0,face_108.png,0,[],NA,3117,42652,
70,0,20,face_117.png,0,[],NA,15053,15063,
70,1,20,face_472.png,0,"[""Mouth""]",NA,7327,22393,
70,2,30,face_408.png,0,"[""Jaw""]",NA,12665,35062,
70,3,20,face_419.png,0,[],NA,5926,40992,
70,4,70,face_133.png,0,[],NA,6213,47209,
70,5,20,face_149.png,0,"[""Eyes"",""Jaw""]",NA,9699,56912,
70,6,20,face_315.png,0,"[""Other""]",Age,8013,64930,
70,7,30,face_001.png,0,[],NA,4525,69461,
70,8,70,face_325.png,0,[],NA,3847,73312,
70,9,70,face_463.png,0,[],NA,4179,77497,
71,0,50,face_060.png,0,[],NA,9540,9551,
71,1,50,face_021.png,0,[],NA,3584,13138,
71,2,70,face_199.png,0,[],NA,4312,17454,
71,3,50,face_073.png,0,[],NA,3650,21107,
71,4,50,face_438.png,0,[],NA,4005,25119,
71,5,10,face_156.png,0,[],NA,4813,29935,
71,6,50,face_318.png,0,[],NA,2794,32732,
71,7,70,face_260.png,0,[],NA,4265,37000,
71,8,40,face_162.png,0,[],NA,4258,41262,
71,9,0,face_422.png,0,[],NA,3463,44728,
72,0,60,face_103.png,0,"[""Mouth"",""Eyes"",""Nose"",""Other""]",Cheek bones,48026,48035,
72,1,60,face_315.png,0,"[""Mouth"",""Eyes"",""Hair""]",NA,27427,75475,
72,2,80,face_331.png,0,"[""Mouth"",""Eyes"",""Jaw"",""Hair""]",NA,37453,112931,
72,3,40,face_230.png,0,"[""Eyes"",""Jaw"",""Hair""]",NA,20601,133534,
72,4,80,face_357.png,0,"[""Mouth"",""Eyes"",""Nose"",""Jaw"",""Hair""]",NA,15473,149010,
72,5,20,face_241.png,0,"[""Eyes""]",NA,17985,166998,
72,6,80,face_013.png,0,"[""Mouth"",""Eyes"",""Hair""]",NA,14707,181709,
72,7,20,face_156.png,0,"[""Eyes"",""Hair""]",NA,12210,193921,
72,8,30,face_041.png,0,"[""Mouth"",""Other""]",Cheeks,32314,226238,
72,9,20,face_358.png,0,"[""Hair""]",NA,8766,235007,
73,0,30,face_013.png,0,"[""Mouth"",""Jaw"",""Hair"",""Other""]",Nose and forehead,45724,45732,
73,1,30,face_011.png,0,"[""Eyes"",""Hair""]",NA,18403,64139,
73,2,10,face_054.png,0,"[""Mouth"",""Eyes"",""Nose"",""Hair""]",NA,20363,84505,
73,3,30,face_041.png,0,"[""Mouth"",""Eyes"",""Nose""]",NA,13657,98167,
73,4,40,face_265.png,0,"[""Jaw"",""Hair""]",NA,15740,113911,
73,5,40,face_423.png,0,"[""Eyes"",""Nose"",""Jaw"",""Hair""]",NA,11156,125071,
73,6,30,face_149.png,0,"[""Jaw"",""Hair"",""Other""]",Forehead and skin,21883,146958,
73,7,30,face_309.png,0,"[""Ears"",""Jaw"",""Other""]",Forehead and skin,22664,169625,
73,8,50,face_021.png,0,"[""Eyes"",""Jaw""]",NA,21777,191405,
73,9,30,face_419.png,0,"[""Eyes"",""Hair""]",NA,11271,202680,
74,0,10,face_021.png,0,"[""Mouth"",""Nose"",""Hair""]",NA,38738,38748,
74,1,20,face_059.png,0,"[""Hair"",""Other""]",Ugly Harry Potter glasses,38724,77502,
74,2,60,face_178.png,0,"[""Mouth"",""Eyes"",""Hair""]",NA,26969,104508,
74,3,40,face_435.png,0,"[""Nose"",""Jaw"",""Other""]",Butt looking chubby chin,36757,141313,
74,4,50,face_174.png,0,"[""Eyes"",""Jaw"",""Hair""]",NA,34922,176276,
74,5,30,face_162.png,0,"[""Mouth"",""Jaw"",""Hair""]",NA,14409,190691,
74,6,30,face_387.png,0,"[""Mouth"",""Eyes"",""Jaw"",""Hair""]",NA,13589,204284,
74,7,70,face_333.png,0,"[""Mouth"",""Eyes"",""Ears"",""Hair""]",NA,16209,220497,
74,8,40,face_241.png,0,"[""Nose"",""Ears""]",NA,18164,238663,
74,9,60,face_355.png,0,"[""Mouth""]",NA,13121,251787,
75,0,50,face_390.png,0,[],NA,14529,14531,
75,1,50,face_010.png,0,[],NA,6565,21099,
75,2,50,face_133.png,0,[],NA,3793,24896,
75,3,50,face_435.png,0,[],NA,2614,27514,
75,4,50,face_020.png,0,[],NA,3613,31131,
75,5,50,face_021.png,0,[],NA,2513,33648,
75,6,50,face_204.png,0,[],NA,4833,38485,
75,7,50,face_184.png,0,[],NA,3761,42249,
75,8,50,face_355.png,0,[],NA,2414,44667,
75,9,50,face_178.png,0,[],NA,2481,47150,
76,0,40,face_421.png,0,"[""Ears"",""Jaw"",""Hair""]",NA,18952,18953,
76,1,60,face_078.png,0,"[""Mouth"",""Eyes"",""Jaw"",""Hair""]",NA,15055,34011,
76,2,50,face_378.png,0,"[""Mouth"",""Eyes"",""Jaw"",""Hair""]",NA,10989,45003,
76,3,30,face_205.png,0,"[""Nose"",""Hair""]",NA,18809,63815,
76,4,40,face_167.png,0,"[""Mouth"",""Jaw""]",NA,11888,75706,
76,5,70,face_333.png,0,"[""Mouth"",""Eyes"",""Nose"",""Hair""]",NA,13528,89236,
76,6,40,face_275.png,0,"[""Jaw""]",NA,13568,102807,
76,7,40,face_061.png,0,"[""Jaw"",""Hair""]",NA,12938,115748,
76,8,50,face_438.png,0,"[""Eyes"",""Jaw"",""Hair""]",NA,13739,129489,
76,9,60,face_318.png,0,"[""Mouth"",""Eyes"",""Jaw"",""Hair""]",NA,14857,144348,
77,0,50,face_204.png,0,"[""Mouth"",""Hair""]",NA,22495,22502,
77,1,40,face_174.png,0,"[""Eyes""]",NA,14343,36847,
77,2,30,face_435.png,0,"[""Eyes""]",NA,14223,51074,
77,3,60,face_080.png,0,"[""Mouth"",""Nose""]",NA,12509,63586,
77,4,60,face_108.png,0,"[""Eyes"",""Nose""]",NA,7847993,7911582,
77,5,50,face_320.png,0,"[""Nose"",""Jaw""]",NA,8349,7919934,
77,6,50,face_140.png,0,"[""Mouth"",""Ears"",""Jaw""]",NA,10920,7930858,
77,7,60,face_313.png,0,"[""Mouth"",""Eyes""]",NA,14301,7945159,
77,8,40,face_431.png,0,"[""Mouth"",""Eyes"",""Jaw""]",NA,14839,7960000,
77,9,60,face_077.png,0,"[""Mouth"",""Hair""]",NA,10581,7970583,
78,0,80,face_007.png,0,"[""Mouth""]",NA,30052,30055,
78,1,100,face_421.png,0,"[""Mouth""]",NA,10062,40121,
78,2,100,face_250.png,0,"[""Mouth""]",NA,4345,44469,
78,3,50,face_185.png,0,"[""Ears""]",NA,2423,46895,
78,4,50,face_147.png,0,"[""Ears""]",NA,2087,48985,
78,5,50,face_061.png,0,"[""Nose""]",NA,2093,51081,
78,6,50,face_133.png,0,"[""Ears""]",NA,1950,53035,
78,7,50,face_218.png,0,"[""Ears""]",NA,1865,54903,
78,8,50,face_333.png,0,"[""Jaw""]",NA,2139,57046,
78,9,50,face_162.png,0,"[""Jaw""]",NA,3282,60331,
79,0,80,face_085.png,0,"[""Eyes"",""Hair""]",NA,25133,25137,
79,1,70,face_425.png,0,"[""Jaw""]",NA,12196,37340,
79,2,60,face_001.png,0,"[""Hair""]",NA,20442,57788,
79,3,100,face_355.png,0,"[""Eyes"",""Hair""]",NA,20447,78240,
79,4,70,face_080.png,0,"[""Jaw""]",NA,16380,94626,
79,5,70,face_217.png,0,"[""Jaw"",""Hair""]",NA,25264,119895,
79,6,70,face_117.png,0,"[""Eyes""]",NA,18845,138745,
79,7,60,face_239.png,0,"[""Eyes""]",NA,11361,150110,
79,8,70,face_353.png,0,"[""Mouth""]",NA,9959,160073,
79,9,60,face_204.png,0,"[""Nose""]",NA,22023,182100,
80,0,30,face_433.png,0,"[""Eyes""]",NA,13740,13748,
80,1,30,face_174.png,0,"[""Eyes""]",NA,6287,20037,
80,2,10,face_230.png,0,"[""Eyes""]",NA,5915,25955,
80,3,0,face_021.png,0,"[""Eyes""]",NA,8754,34712,
80,4,30,face_102.png,0,"[""Eyes""]",NA,7619,42335,
80,5,40,face_180.png,0,"[""Eyes""]",NA,9340,51676,
80,6,10,face_318.png,0,"[""Eyes""]",NA,8388,60066,
80,7,30,face_392.png,0,"[""Eyes""]",NA,84363,144431,
80,8,50,face_178.png,0,"[""Eyes""]",NA,10349,154789,
80,9,50,face_359.png,0,"[""Eyes""]",NA,8050,162843,
81,0,70,face_041.png,0,"[""Eyes"",""Jaw""]",NA,51897,51899,
81,1,60,face_438.png,0,"[""Mouth"",""Hair""]",NA,15770,67675,
81,2,80,face_372.png,0,"[""Mouth"",""Eyes"",""Nose"",""Hair""]",NA,12544,80221,
81,3,60,face_350.png,0,"[""Mouth"",""Jaw""]",NA,13660,93882,
81,4,60,face_029.png,0,"[""Mouth"",""Jaw""]",NA,11895,105780,
81,5,60,face_463.png,0,"[""Mouth"",""Eyes"",""Hair""]",NA,7951,113733,
81,6,60,face_199.png,0,"[""Mouth"",""Eyes""]",NA,8384,122122,
81,7,60,face_435.png,0,"[""Eyes""]",NA,8791,130914,
81,8,80,face_377.png,0,"[""Mouth"",""Eyes"",""Jaw""]",NA,10036,140953,
81,9,40,face_180.png,0,"[""Mouth""]",NA,10722,151677,
82,0,50,face_424.png,0,"[""Eyes""]",NA,16586,16595,
82,1,50,face_218.png,0,"[""Mouth"",""Other""]",cheekbones,29671,46271,
82,2,50,face_359.png,0,"[""Eyes"",""Jaw""]",NA,16852,63126,
82,3,50,face_151.png,0,"[""Mouth"",""Eyes""]",NA,9966,73093,
82,4,50,face_372.png,0,"[""Eyes""]",NA,8516,81613,
82,5,50,face_419.png,0,[],NA,3759,85376,
82,6,50,face_061.png,0,"[""Mouth"",""Eyes"",""Nose""]",NA,7634,93013,
82,7,50,face_421.png,0,[],NA,3676,96691,
82,8,50,face_108.png,0,"[""Eyes""]",NA,4157,100852,
82,9,50,face_160.png,0,"[""Eyes""]",NA,5571,106426,
83,0,20,face_155.png,0,"[""Eyes""]",NA,16156,16177,
83,1,10,face_218.png,0,[],NA,13572,29755,
83,2,0,face_095.png,0,[],NA,13083,42843,
83,3,NA,face_315.png,0,NA,NA,7830,50678,
83,4,20,face_077.png,0,"[""Eyes"",""Hair""]",NA,10324,61009,
83,5,0,face_424.png,0,[],NA,4446,65458,
83,6,20,face_408.png,0,"[""Mouth""]",NA,8473,73934,
83,7,0,face_422.png,0,[],NA,3555,77492,
83,8,0,face_472.png,0,[],NA,4824,82319,
83,9,10,face_230.png,0,"[""Hair""]",NA,7543,89867,
84,0,50,face_355.png,0,[],NA,12882,12884,
84,1,50,face_420.png,0,[],NA,5363,18252,
84,2,50,face_275.png,0,[],NA,4126,22382,
84,3,50,face_160.png,0,[],NA,2388,24774,
84,4,50,face_378.png,0,[],NA,2058,26837,
84,5,50,face_020.png,0,[],NA,5455,32295,
84,6,50,face_205.png,0,[],NA,2259,34558,
84,7,50,face_376.png,0,[],NA,4256,38818,
84,8,50,face_033.png,0,[],NA,3311,42133,
84,9,50,face_103.png,0,[],NA,2586,44724,
85,0,60,face_147.png,0,"[""Eyes"",""Nose"",""Hair""]",NA,45047,45048,
85,1,70,face_133.png,0,"[""Mouth"",""Eyes"",""Nose"",""Hair""]",NA,13549,58602,
85,2,NA,face_010.png,0,NA,NA,30399,89009,
85,3,60,face_390.png,0,"[""Mouth"",""Eyes"",""Other""]",Eyebrows,28137,117152,
85,4,40,face_092.png,0,"[""Eyes"",""Nose""]",NA,10835,127992,
85,5,60,face_136.png,0,"[""Eyes"",""Nose"",""Hair""]",NA,33728,161723,
85,6,40,face_167.png,0,"[""Eyes"",""Hair""]",NA,49705,211468,
85,7,70,face_013.png,0,"[""Mouth"",""Eyes"",""Nose"",""Hair""]",NA,15932,227441,
85,8,60,face_265.png,0,"[""Eyes"",""Nose"",""Hair""]",NA,9952,237398,
85,9,60,face_238.png,0,"[""Mouth"",""Eyes""]",NA,6512,243915,
86,0,60,face_265.png,0,"[""Eyes"",""Nose"",""Ears""]",NA,43802,43812,
86,1,60,face_103.png,0,"[""Mouth"",""Eyes"",""Other""]",Skin texture,26871,70690,
86,2,40,face_054.png,0,[],NA,8519,79214,
86,3,40,face_255.png,0,[],NA,10328,89547,
86,4,50,face_424.png,0,[],NA,5697,95248,
86,5,30,face_378.png,0,[],NA,9604,104860,
86,6,NA,face_140.png,0,NA,NA,6643,111510,
86,7,30,face_388.png,0,[],NA,5291,116805,
86,8,30,face_387.png,0,[],NA,7198,124008,
86,9,30,face_355.png,0,[],NA,5754,129766,
87,0,30,face_060.png,0,"[""Eyes""]",NA,20033,20038,
87,1,0,face_265.png,0,"[""Eyes""]",NA,30331,50371,
87,2,60,face_463.png,0,"[""Eyes"",""Nose""]",NA,15084,65457,
87,3,10,face_174.png,0,"[""Mouth"",""Eyes"",""Nose""]",NA,11473,76932,
87,4,20,face_204.png,0,"[""Mouth"",""Eyes"",""Nose""]",NA,9645,86579,
87,5,80,face_357.png,0,"[""Mouth"",""Eyes"",""Nose"",""Jaw""]",NA,9150,95732,
87,6,30,face_270.png,0,"[""Mouth"",""Eyes"",""Nose""]",NA,6705,102439,
87,7,20,face_230.png,0,"[""Mouth"",""Eyes"",""Jaw""]",NA,19468,121909,
87,8,20,face_433.png,0,"[""Mouth"",""Eyes"",""Nose"",""Jaw""]",NA,7134,129045,
87,9,0,face_149.png,0,"[""Mouth"",""Eyes"",""Nose"",""Ears"",""Jaw"",""Hair""]",NA,11359,140408,
88,0,0,face_424.png,0,"[""Mouth"",""Eyes"",""Jaw""]",NA,30950,30954,
88,1,10,face_359.png,0,"[""Mouth"",""Eyes"",""Jaw"",""Hair""]",NA,36424,67382,
88,2,0,face_061.png,0,"[""Mouth"",""Eyes"",""Jaw"",""Hair""]",NA,15661,83049,
88,3,0,face_185.png,0,"[""Mouth"",""Eyes"",""Nose"",""Jaw"",""Hair""]",NA,15011,98064,
88,4,30,face_030.png,0,"[""Eyes"",""Jaw"",""Hair""]",NA,41021,139089,
88,5,0,face_205.png,0,"[""Eyes""]",NA,16045,155139,
88,6,0,face_419.png,0,[],NA,6802,161947,
88,7,10,face_103.png,0,[],NA,7420,169371,
88,8,20,face_200.png,0,[],NA,15760,185136,
88,9,0,face_117.png,0,[],NA,5964,191109,
89,0,40,face_315.png,0,[],NA,6462,6471,
89,1,50,face_411.png,0,[],NA,2110,8584,
89,2,50,face_033.png,0,[],NA,1952,10542,
89,3,50,face_377.png,0,[],NA,1893,12439,
89,4,50,face_059.png,0,[],NA,1727,14173,
89,5,50,face_313.png,0,[],NA,2082,16259,
89,6,50,face_359.png,0,[],NA,3533,19796,
89,7,50,face_366.png,0,[],NA,1631,21431,
89,8,50,face_238.png,0,[],NA,1644,23080,
89,9,50,face_137.png,0,[],NA,1950,25034,
90,0,60,face_001.png,0,"[""Eyes"",""Hair""]",NA,12366,12365,
90,1,90,face_333.png,0,"[""Mouth"",""Eyes"",""Nose"",""Jaw"",""Hair""]",NA,12198,24567,
90,2,70,face_463.png,0,"[""Mouth"",""Eyes"",""Nose"",""Hair""]",NA,12281,36851,
90,3,70,face_073.png,0,"[""Mouth"",""Eyes""]",NA,16461,53316,
90,4,20,face_425.png,0,[],NA,6141,59460,
90,5,30,face_092.png,0,[],NA,4505,63969,
90,6,60,face_136.png,0,"[""Mouth""]",NA,5508,69480,
90,7,30,face_054.png,0,[],NA,4809,74293,
90,8,80,face_325.png,0,"[""Mouth"",""Eyes"",""Nose"",""Jaw"",""Hair""]",NA,8005,82300,
90,9,40,face_079.png,0,[],NA,6622,88926,
91,0,50,face_255.png,0,"[""Mouth"",""Eyes""]",NA,18858,18859,
91,1,50,face_021.png,0,"[""Eyes"",""Jaw""]",NA,10021,28883,
91,2,20,face_102.png,0,[],NA,7823,36710,
91,3,30,face_388.png,0,[],NA,9224,45937,
91,4,80,face_408.png,0,"[""Mouth"",""Eyes""]",NA,11241,57181,
91,5,40,face_411.png,0,[],NA,15244,72428,
91,6,10,face_059.png,0,[],NA,6658,79091,
91,7,30,face_132.png,0,[],NA,5810,84905,
91,8,10,face_421.png,0,[],NA,3464,88373,
91,9,30,face_080.png,0,[],NA,3215,91591,
92,0,50,face_433.png,0,[],NA,7496,7499,
92,1,100,face_039.png,0,[],NA,3778,11279,
92,2,80,face_411.png,0,[],NA,2602,13883,
92,3,50,face_230.png,0,[],NA,2403,16288,
92,4,50,face_359.png,0,[],NA,3060,19352,
92,5,50,face_167.png,0,[],NA,2375,21733,
92,6,50,face_011.png,0,[],NA,2169,23904,
92,7,50,face_079.png,0,[],NA,2175,26080,
92,8,50,face_431.png,0,[],NA,4240,30322,
92,9,50,face_255.png,0,[],NA,2611,32935,
93,0,50,face_020.png,0,"[""Mouth"",""Hair""]",NA,13326,13327,
93,1,30,face_001.png,0,"[""Eyes""]",NA,10112,23443,
93,2,30,face_054.png,0,[],NA,6672,30118,
93,3,60,face_133.png,0,"[""Mouth"",""Hair""]",NA,11746,41867,
93,4,70,face_366.png,0,"[""Eyes"",""Nose"",""Jaw""]",NA,12061,53931,
93,5,20,face_092.png,0,"[""Eyes""]",NA,7122,61056,
93,6,50,face_423.png,0,"[""Hair""]",NA,7999,69058,
93,7,30,face_421.png,0,"[""Mouth""]",NA,13808,82868,
93,8,50,face_251.png,0,"[""Mouth"",""Eyes"",""Jaw""]",NA,12990,95861,
93,9,60,face_060.png,0,"[""Mouth"",""Eyes"",""Nose""]",NA,12647,108509,
94,0,80,face_270.png,0,"[""Mouth"",""Eyes"",""Hair""]",NA,12958,12959,
94,1,30,face_425.png,0,"[""Mouth"",""Jaw""]",NA,11445,24409,
94,2,10,face_156.png,0,"[""Eyes"",""Hair""]",NA,11076,35489,
94,3,80,face_333.png,0,"[""Mouth"",""Eyes"",""Hair""]",NA,11411,46904,
94,4,60,face_320.png,0,"[""Mouth"",""Jaw""]",NA,11163,58071,
94,5,70,face_178.png,0,"[""Mouth"",""Eyes""]",NA,9666,67741,
94,6,40,face_057.png,0,"[""Eyes""]",NA,7234,74979,
94,7,80,face_357.png,0,"[""Nose"",""Jaw"",""Hair""]",NA,12160,87143,
94,8,90,face_372.png,0,"[""Mouth"",""Eyes"",""Nose"",""Jaw"",""Hair""]",NA,13144,100290,
94,9,50,face_092.png,0,"[""Eyes""]",NA,6936,107229,
95,0,0,face_011.png,0,"[""Other""]",Age,25168,25175,
95,1,0,face_433.png,0,"[""Mouth"",""Eyes"",""Jaw"",""Hair""]",NA,27198,52375,
95,2,30,face_180.png,0,"[""Eyes""]",NA,39220,91598,
95,3,20,face_250.png,0,"[""Eyes"",""Jaw"",""Hair""]",NA,11954,103555,
95,4,30,face_059.png,0,"[""Eyes"",""Jaw"",""Hair""]",NA,9161,112718,
95,5,20,face_061.png,0,"[""Eyes"",""Nose"",""Jaw"",""Hair""]",NA,18333,131054,
95,6,100,face_200.png,0,"[""Eyes"",""Hair""]",NA,17887,148943,
95,7,30,face_092.png,0,"[""Hair""]",NA,12151,161097,
95,8,50,face_029.png,0,"[""Mouth"",""Eyes"",""Hair""]",NA,18212,179312,
95,9,0,face_251.png,0,[],NA,13670,192984,
96,0,30,face_463.png,0,"[""Mouth"",""Eyes""]",NA,10153,10160,
96,1,10,face_054.png,0,"[""Nose""]",NA,4756,14920,
96,2,40,face_435.png,0,"[""Hair"",""Other""]",Eyebrows,10673,25596,
96,3,NA,face_270.png,0,NA,NA,7210,32816,
96,4,40,face_438.png,0,[],NA,5237,38057,
96,5,30,face_239.png,0,"[""Eyes"",""Hair""]",NA,5523,43585,
96,6,30,face_057.png,0,[],NA,5632,49221,
96,7,30,face_387.png,0,[],NA,3460,52685,
96,8,0,face_241.png,0,[],NA,3194,55883,
96,9,70,face_353.png,0,"[""Eyes"",""Nose"",""Jaw"",""Hair""]",NA,7359,63247,
97,0,10,face_011.png,0,[],NA,7172,7173,
97,1,0,face_230.png,0,[],NA,5525,12702,
97,2,0,face_425.png,0,[],NA,6717,19424,
97,3,0,face_309.png,0,[],NA,3445,22873,
97,4,30,face_079.png,0,[],NA,4681,27561,
97,5,60,face_085.png,0,[],NA,7216,34782,
97,6,NA,face_076.png,0,NA,NA,3576,38364,
97,7,0,face_140.png,0,[],NA,4174,42540,
97,8,20,face_149.png,0,[],NA,4864,47408,
97,9,40,face_039.png,0,[],NA,4343,51755,
98,0,10,face_472.png,0,[],NA,21671,21676,
98,1,10,face_275.png,0,[],NA,19792,41470,
98,2,30,face_076.png,0,"[""Mouth"",""Eyes"",""Nose"",""Hair""]",NA,19647,61121,
98,3,50,face_463.png,0,"[""Mouth"",""Eyes"",""Hair""]",NA,17381,78506,
98,4,30,face_204.png,0,"[""Hair""]",NA,14045,92557,
98,5,20,face_162.png,0,"[""Eyes""]",NA,16629,109193,
98,6,30,face_220.png,0,"[""Eyes""]",NA,18718,127914,
98,7,70,face_372.png,0,"[""Mouth"",""Eyes"",""Nose"",""Hair""]",NA,22127,150045,
98,8,20,face_140.png,0,"[""Eyes""]",NA,18200,168249,
98,9,20,face_318.png,0,"[""Eyes""]",NA,9028,177282,
99,0,30,face_309.png,0,"[""Mouth""]",NA,78647,78645,
99,1,0,face_061.png,0,[],NA,12193,90841,
99,2,10,face_435.png,0,"[""Eyes""]",NA,20816,111659,
99,3,20,face_331.png,0,"[""Eyes"",""Hair""]",NA,40056,151715,
99,4,10,face_007.png,0,"[""Mouth""]",NA,25183,176899,
99,5,20,face_115.png,0,"[""Hair""]",NA,24473,201373,
99,6,30,face_178.png,0,"[""Mouth"",""Nose""]",NA,23021,224394,
99,7,50,face_001.png,0,"[""Eyes"",""Hair""]",NA,29018,253414,
99,8,0,face_422.png,0,"[""Mouth"",""Eyes"",""Nose"",""Jaw"",""Hair""]",NA,37606,291021,
99,9,50,face_140.png,0,"[""Eyes""]",NA,26020,317043,
100,0,0,face_315.png,0,[],NA,27574,27578,
100,1,0,face_366.png,0,[],NA,22603,50184,
100,2,0,face_057.png,0,[],NA,39693,89880,
100,3,0,face_085.png,0,[],NA,11086,100970,
100,4,10,face_352.png,0,[],NA,8753,109727,
100,5,0,face_318.png,0,[],NA,3682,113414,
100,6,10,face_155.png,0,"[""Mouth"",""Eyes""]",NA,31308,144725,
100,7,0,face_423.png,0,[],NA,10884,155613,
100,8,0,face_309.png,0,[],NA,5084,160701,
100,9,0,face_115.png,0,[],NA,3182,163887,
101,0,70,face_108.png,0,"[""Nose"",""Ears"",""Jaw""]",NA,17032,17036,
101,1,50,face_355.png,0,"[""Eyes""]",NA,7364,24405,
101,2,50,face_011.png,0,"[""Eyes"",""Nose""]",NA,8016,32425,
101,3,50,face_059.png,0,"[""Eyes"",""Nose""]",NA,11576,44005,
101,4,70,face_021.png,0,"[""Nose"",""Jaw""]",NA,3509,47518,
101,5,80,face_408.png,0,"[""Mouth"",""Jaw"",""Hair""]",NA,3966,51489,
101,6,70,face_357.png,0,"[""Mouth"",""Ears"",""Hair""]",NA,4230,55720,
101,7,70,face_318.png,0,"[""Nose"",""Jaw"",""Hair""]",NA,5904,61627,
101,8,70,face_115.png,0,"[""Nose"",""Hair""]",NA,4457,66088,
101,9,50,face_180.png,0,"[""Eyes"",""Jaw""]",NA,3143,69234,
102,0,60,face_092.png,0,"[""Eyes"",""Nose"",""Jaw"",""Hair""]",NA,127250,137274,
102,1,50,face_353.png,0,"[""Mouth"",""Eyes"",""Hair""]",NA,33483,170801,
102,2,60,face_020.png,0,"[""Mouth"",""Eyes"",""Hair""]",NA,20992,191797,
102,3,60,face_313.png,0,"[""Mouth"",""Eyes"",""Nose"",""Jaw"",""Hair""]",NA,22495,214296,
102,4,40,face_421.png,0,"[""Eyes"",""Ears"",""Hair""]",NA,23832,238133,
102,5,60,face_184.png,0,"[""Mouth"",""Eyes"",""Hair""]",NA,115394,353531,
102,6,40,face_149.png,0,"[""Mouth"",""Jaw"",""Hair""]",NA,16095,369650,
102,7,50,face_057.png,0,"[""Eyes"",""Jaw"",""Hair"",""Other""]",Eyebrows,28556,398210,
102,8,50,face_422.png,0,[],NA,147227,545438,
102,9,80,face_033.png,0,"[""Mouth"",""Eyes"",""Nose"",""Hair""]",NA,22946,568423,
103,0,40,face_238.png,0,"[""Mouth""]",NA,44824,44833,
103,1,70,face_076.png,0,"[""Mouth"",""Eyes"",""Jaw"",""Hair""]",NA,28718,73554,
103,2,20,face_184.png,0,"[""Eyes""]",NA,18098,91655,
103,3,0,face_331.png,0,"[""Jaw""]",NA,9270,100930,
103,4,50,face_205.png,0,"[""Mouth"",""Eyes"",""Nose"",""Ears"",""Jaw"",""Hair""]",NA,16633,117566,
103,5,90,face_404.png,0,"[""Mouth"",""Eyes"",""Nose"",""Jaw"",""Hair""]",NA,12177,129747,
103,6,50,face_270.png,0,"[""Mouth"",""Eyes""]",NA,12946,142697,
103,7,50,face_095.png,0,[],NA,2359,145060,
103,8,50,face_378.png,0,[],NA,6177,151241,
103,9,50,face_421.png,0,[],NA,2349,153596,
104,0,60,face_033.png,0,"[""Eyes"",""Jaw""]",NA,20374,20380,
104,1,60,face_355.png,0,"[""Mouth"",""Eyes"",""Hair""]",NA,12715,33101,
104,2,30,face_431.png,0,"[""Eyes"",""Hair""]",NA,21683,54789,
104,3,50,face_285.png,0,"[""Eyes"",""Hair""]",NA,10200,64993,
104,4,40,face_041.png,0,"[""Nose"",""Ears""]",NA,16716,81714,
104,5,20,face_411.png,0,[],NA,7634,89352,
104,6,10,face_010.png,0,"[""Other""]",Age,5200,94556,
104,7,20,face_421.png,0,[],NA,5028,99587,
104,8,60,face_377.png,0,"[""Mouth""]",NA,8568,108159,
104,9,40,face_359.png,0,"[""Eyes""]",NA,6565,114728,
105,0,70,face_220.png,0,"[""Mouth"",""Eyes"",""Nose""]",NA,33787,33797,
105,1,10,face_241.png,0,"[""Eyes""]",NA,12185,45987,
105,2,20,face_435.png,0,"[""Nose"",""Other""]",eyebrows,21269,67261,
105,3,60,face_425.png,0,"[""Mouth"",""Nose"",""Jaw""]",NA,12436,79702,
105,4,30,face_238.png,0,"[""Eyes"",""Hair""]",NA,11024,90734,
105,5,70,face_357.png,0,"[""Mouth"",""Eyes"",""Nose"",""Hair""]",NA,12835,103572,
105,6,40,face_061.png,0,"[""Nose""]",NA,7176,110752,
105,7,80,face_408.png,0,"[""Mouth"",""Eyes"",""Nose"",""Ears""]",NA,12033,122789,
105,8,20,face_358.png,0,"[""Nose"",""Ears""]",NA,8546,131339,
105,9,100,face_260.png,0,"[""Mouth"",""Eyes"",""Nose"",""Hair""]",NA,10045,141390,
106,0,30,face_021.png,0,"[""Eyes""]",NA,17244,17247,
106,1,20,face_438.png,0,"[""Hair""]",NA,18479,35731,
106,2,20,face_155.png,0,"[""Mouth"",""Jaw""]",NA,12667,48400,
106,3,70,face_333.png,0,"[""Eyes"",""Nose"",""Hair""]",NA,10325,58727,
106,4,10,face_132.png,0,[],NA,6421,65150,
106,5,10,face_108.png,0,[],NA,4701,69854,
106,6,NA,face_435.png,0,NA,NA,3286,73143,
106,7,NA,face_358.png,0,NA,NA,3013,76157,
106,8,20,face_331.png,0,[],NA,4179,80338,
106,9,20,face_057.png,0,[],NA,4000,84339,
107,0,0,face_011.png,0,[],NA,5381,5388,
107,1,0,face_147.png,0,[],NA,3161,8550,
107,2,0,face_092.png,0,[],NA,2994,11547,
107,3,0,face_372.png,0,[],NA,4932,16481,
107,4,0,face_388.png,0,[],NA,5734,22220,
107,5,0,face_021.png,0,[],NA,3345,25569,
107,6,0,face_390.png,0,[],NA,5503,31075,
107,7,0,face_277.png,0,[],NA,6814,37892,
107,8,100,face_059.png,0,"[""Mouth"",""Eyes"",""Nose"",""Ears"",""Jaw"",""Hair"",""Other""]",Jowls,15986,53882,
107,9,0,face_431.png,0,[],NA,4983,58869,
108,0,0,face_431.png,0,[],NA,12592,12606,
108,1,0,face_010.png,0,[],NA,3410,16018,
108,2,0,face_277.png,0,[],NA,4362,20386,
108,3,50,face_184.png,0,"[""Mouth"",""Jaw""]",NA,14370,34761,
108,4,0,face_041.png,0,[],NA,3741,38506,
108,5,50,face_013.png,0,"[""Eyes""]",NA,12579,51091,
108,6,0,face_358.png,0,[],NA,2945,54041,
108,7,0,face_200.png,0,[],NA,3782,57827,
108,8,60,face_077.png,0,"[""Mouth"",""Eyes"",""Nose"",""Hair""]",NA,16233,74064,
108,9,50,face_420.png,0,"[""Mouth"",""Eyes""]",NA,19147,93215,
109,0,30,face_162.png,0,"[""Eyes"",""Jaw"",""Hair""]",NA,106787,106804,
109,1,40,face_320.png,0,"[""Mouth"",""Eyes"",""Jaw"",""Hair""]",NA,21621,128431,
109,2,40,face_425.png,0,"[""Eyes"",""Nose"",""Jaw""]",NA,19313,147748,
109,3,40,face_424.png,0,"[""Eyes"",""Jaw"",""Hair""]",NA,12663,160415,
109,4,40,face_204.png,0,"[""Mouth"",""Eyes"",""Jaw""]",NA,15620,176038,
109,5,30,face_095.png,0,"[""Mouth"",""Eyes"",""Hair""]",NA,15865,191909,
109,6,60,face_270.png,0,"[""Mouth"",""Eyes"",""Ears""]",NA,29211,221124,
109,7,50,face_147.png,0,"[""Eyes"",""Nose"",""Jaw"",""Hair""]",NA,15664,236796,
109,8,60,face_061.png,0,"[""Mouth"",""Eyes"",""Hair""]",NA,18728,255529,
109,9,50,face_217.png,0,"[""Mouth"",""Hair""]",NA,16743,272275,
110,0,30,face_283.png,0,"[""Eyes""]",NA,20187,20198,
110,1,20,face_054.png,0,"[""Eyes""]",NA,15262,35465,
110,2,20,face_424.png,0,"[""Nose""]",NA,12214,47683,
110,3,80,face_185.png,0,"[""Mouth"",""Eyes""]",NA,11414,59100,
110,4,80,face_133.png,0,"[""Mouth"",""Eyes""]",NA,14052,73158,
110,5,70,face_239.png,0,"[""Eyes"",""Nose""]",NA,13047,86210,
110,6,10,face_358.png,0,[],NA,8384,94597,
110,7,50,face_092.png,0,"[""Eyes""]",NA,5995,100597,
110,8,80,face_060.png,0,"[""Eyes"",""Nose""]",NA,10484,111086,
110,9,80,face_184.png,0,"[""Eyes""]",NA,10318,121407,
111,0,20,face_001.png,0,"[""Hair""]",NA,17607,17608,
111,1,20,face_205.png,0,"[""Eyes""]",NA,13415,31027,
111,2,60,face_377.png,0,"[""Mouth"",""Eyes"",""Hair""]",NA,13702,44733,
111,3,20,face_352.png,0,[],NA,4166,48903,
111,4,10,face_007.png,0,[],NA,4761,53670,
111,5,50,face_077.png,0,[],NA,4215,57889,
111,6,50,face_085.png,0,[],NA,2101,59994,
111,7,50,face_079.png,0,[],NA,2747,62746,
111,8,30,face_411.png,0,[],NA,3149,65898,
111,9,30,face_472.png,0,[],NA,2981,68883,
112,0,50,face_030.png,0,"[""Eyes"",""Jaw""]",NA,50166,50170,
112,1,30,face_239.png,0,"[""Nose"",""Hair""]",NA,28598,78770,
112,2,60,face_146.png,0,"[""Mouth"",""Eyes"",""Nose""]",NA,33533,112304,
112,3,70,face_333.png,0,"[""Mouth"",""Eyes"",""Nose"",""Hair""]",NA,28138,140445,
112,4,50,face_260.png,0,"[""Mouth"",""Eyes""]",NA,34504,174955,
112,5,40,face_220.png,0,"[""Nose"",""Ears"",""Jaw""]",NA,40981,215939,
112,6,60,face_178.png,0,"[""Mouth"",""Eyes""]",NA,43232,259173,
112,7,50,face_350.png,0,"[""Mouth"",""Eyes""]",NA,29566,288741,
112,8,30,face_205.png,0,[],NA,21582,310324,
112,9,70,face_355.png,0,"[""Mouth"",""Eyes"",""Nose""]",NA,20714,331042,
113,0,50,face_390.png,0,"[""Eyes""]",NA,11028,11039,
113,1,40,face_359.png,0,[],NA,7587,18631,
113,2,30,face_030.png,0,"[""Mouth"",""Jaw""]",NA,9164,27800,
113,3,10,face_137.png,0,[],NA,6394,34198,
113,4,30,face_421.png,0,[],NA,5213,39415,
113,5,40,face_140.png,0,[],NA,5765,45185,
113,6,40,face_079.png,0,[],NA,6618,51806,
113,7,30,face_167.png,0,[],NA,8324,60133,
113,8,40,face_103.png,0,[],NA,4946,65083,
113,9,30,face_108.png,0,[],NA,7774,72860,
114,0,0,face_275.png,0,[],NA,20356,20360,
114,1,0,face_020.png,0,"[""Mouth"",""Eyes"",""Jaw""]",NA,10027,30392,
114,2,10,face_178.png,0,"[""Eyes"",""Nose""]",NA,11467,41865,
114,3,60,face_085.png,0,"[""Eyes"",""Hair""]",NA,8161,50029,
114,4,60,face_230.png,0,"[""Mouth"",""Eyes""]",NA,13911,63946,
114,5,30,face_433.png,0,"[""Jaw"",""Hair""]",NA,13406,77356,
114,6,10,face_250.png,0,"[""Ears"",""Jaw"",""Hair""]",NA,14551,91910,
114,7,50,face_217.png,0,"[""Eyes"",""Hair""]",NA,11106,103019,
114,8,30,face_404.png,0,"[""Mouth"",""Eyes"",""Hair""]",NA,10226,113249,
114,9,50,face_078.png,0,"[""Mouth"",""Nose"",""Jaw""]",NA,9206,122459,
115,0,30,face_277.png,0,"[""Eyes""]",NA,34160,34167,
115,1,0,face_230.png,0,"[""Eyes""]",NA,17078,51249,
115,2,0,face_140.png,0,"[""Eyes""]",NA,11451,62702,
115,3,0,face_156.png,0,"[""Eyes""]",NA,9048,71754,
115,4,70,face_420.png,0,"[""Other""]",eyebrows,48738,120499,
115,5,20,face_250.png,0,"[""Mouth"",""Other""]",smile,17430,137932,
115,6,50,face_117.png,0,"[""Hair""]",NA,13916,151853,
115,7,10,face_054.png,0,"[""Other""]",NA,34502,186359,
115,8,80,face_199.png,0,"[""Eyes"",""Nose"",""Hair""]",NA,20486,206851,
115,9,30,face_387.png,0,"[""Mouth""]",NA,10909,217762,
116,0,30,face_425.png,0,"[""Jaw"",""Hair""]",NA,10154,10157,
116,1,70,face_313.png,0,"[""Mouth"",""Nose""]",NA,10295,20457,
116,2,40,face_020.png,0,"[""Eyes"",""Ears"",""Hair""]",NA,13840,34299,
116,3,50,face_220.png,0,[],NA,2374,36676,
116,4,80,face_076.png,0,"[""Eyes""]",NA,13265,49942,
116,5,50,face_011.png,0,[],NA,2537,52481,
116,6,70,face_199.png,0,"[""Mouth"",""Eyes"",""Nose"",""Ears""]",NA,11598,64081,
116,7,50,face_473.png,0,[],NA,1491,65575,
116,8,20,face_218.png,0,"[""Mouth"",""Eyes""]",NA,4980,70557,
116,9,80,face_013.png,0,"[""Mouth"",""Eyes"",""Jaw""]",NA,5774,76333,
117,0,0,face_388.png,0,[],NA,18920,18921,
117,1,0,face_167.png,0,[],NA,2586,21509,
117,2,0,face_325.png,0,[],NA,2883,24393,
117,3,NA,face_431.png,0,NA,NA,2183,26578,
117,4,0,face_265.png,0,[],NA,2820,29398,
117,5,0,face_420.png,0,[],NA,2279,31678,
117,6,0,face_155.png,0,[],NA,5077,36756,
117,7,0,face_137.png,0,[],NA,2033,38790,
117,8,0,face_438.png,0,[],NA,2005,40796,
117,9,0,face_199.png,0,[],NA,2019,42816,
118,0,10,face_331.png,0,"[""Eyes"",""Nose""]",NA,38105,38114,
118,1,50,face_309.png,0,[],NA,4594,42713,
118,2,10,face_092.png,0,"[""Mouth"",""Eyes"",""Nose"",""Jaw"",""Hair""]",NA,15386,58104,
118,3,30,face_108.png,0,"[""Mouth"",""Eyes"",""Nose"",""Hair""]",NA,15014,73121,
118,4,70,face_146.png,0,"[""Mouth"",""Eyes""]",NA,13019,86145,
118,5,40,face_033.png,0,"[""Mouth""]",NA,12056,98206,
118,6,20,face_156.png,0,"[""Mouth"",""Nose"",""Jaw""]",NA,12769,110977,
118,7,80,face_357.png,0,"[""Mouth"",""Eyes"",""Jaw"",""Hair""]",NA,13711,124690,
118,8,60,face_076.png,0,"[""Mouth"",""Eyes""]",NA,9970,134663,
118,9,30,face_250.png,0,"[""Mouth"",""Eyes"",""Hair""]",NA,12805,147473,
119,0,40,face_146.png,0,"[""Mouth"",""Eyes""]",NA,37355,37364,
119,1,20,face_108.png,0,"[""Eyes""]",NA,29447,66817,
119,2,10,face_137.png,0,[],NA,14288,81111,
119,3,10,face_030.png,0,[],NA,11825,92941,
119,4,10,face_392.png,0,[],NA,7364,100311,
119,5,40,face_020.png,0,"[""Eyes""]",NA,12245,112560,
119,6,60,face_372.png,0,"[""Eyes"",""Jaw"",""Hair""]",NA,32113,144677,
119,7,70,face_029.png,0,"[""Mouth"",""Eyes"",""Jaw"",""Hair""]",NA,21860,166541,
119,8,10,face_309.png,0,[],NA,16124,182669,
119,9,20,face_080.png,0,"[""Mouth""]",NA,10231,192903,
120,0,30,face_149.png,0,"[""Eyes""]",NA,10995,11004,
120,1,10,face_424.png,0,"[""Other""]",Nothing,12988,23998,
120,2,50,face_076.png,0,"[""Eyes""]",NA,11149,35151,
120,3,30,face_421.png,0,[],NA,4913,40068,
120,4,50,face_184.png,0,[],NA,3515,43587,
120,5,50,face_220.png,0,[],NA,2183,45774,
120,6,60,face_146.png,0,"[""Ears""]",NA,4568,50346,
120,7,30,face_377.png,0,"[""Eyes""]",NA,3885,54235,
120,8,50,face_085.png,0,[],NA,2616,56854,
120,9,50,face_392.png,0,[],NA,2213,59073,
121,0,40,face_160.png,0,"[""Eyes""]",NA,27811,27813,
121,1,40,face_331.png,0,"[""Mouth"",""Eyes""]",NA,12574,40392,
121,2,20,face_425.png,0,[],NA,20598,60993,
121,3,20,face_411.png,0,"[""Mouth"",""Jaw""]",NA,15564,76561,
121,4,10,face_387.png,0,"[""Eyes""]",NA,8843,85410,
121,5,40,face_260.png,0,"[""Mouth"",""Eyes""]",NA,14323,99736,
121,6,50,face_359.png,0,"[""Mouth"",""Eyes"",""Hair""]",NA,14573,114313,
121,7,20,face_309.png,0,[],NA,10681,124999,
121,8,50,face_239.png,0,"[""Mouth"",""Eyes"",""Hair""]",NA,13865,138868,
121,9,30,face_218.png,0,"[""Eyes""]",NA,8127,146999,
122,0,0,face_132.png,0,[],NA,17223,17230,
122,1,0,face_433.png,0,[],NA,9629,26863,
122,2,10,face_103.png,0,"[""Nose"",""Hair""]",NA,10650,37517,
122,3,0,face_250.png,0,[],NA,6533,44054,
122,4,0,face_352.png,0,[],NA,5321,49380,
122,5,0,face_425.png,0,[],NA,2976,52359,
122,6,0,face_108.png,0,[],NA,3124,55488,
122,7,0,face_388.png,0,[],NA,3092,58587,
122,8,60,face_174.png,0,"[""Mouth"",""Eyes"",""Ears"",""Hair""]",NA,20868,79485,
122,9,0,face_387.png,0,[],NA,5518,85011,
123,0,50,face_133.png,0,"[""Mouth"",""Eyes""]",NA,175292,175307,
123,1,20,face_061.png,0,"[""Mouth""]",NA,32831,208159,
123,2,20,face_392.png,0,"[""Eyes""]",NA,10485,218650,
123,3,0,face_433.png,0,[],NA,9382,228036,
123,4,60,face_155.png,0,"[""Eyes""]",NA,13017,241057,
123,5,50,face_320.png,0,[],NA,20988,262052,
123,6,60,face_285.png,0,"[""Mouth"",""Eyes""]",NA,18362,280419,
123,7,30,face_095.png,0,[],NA,8533,288957,
123,8,80,face_060.png,0,"[""Mouth"",""Eyes"",""Nose""]",NA,14389,303351,
123,9,30,face_239.png,0,[],NA,21208,324564,
124,0,90,face_147.png,0,"[""Eyes"",""Nose"",""Ears"",""Hair""]",NA,22781,22790,
124,1,30,face_076.png,0,"[""Eyes"",""Hair""]",NA,13165,35961,
124,2,0,face_392.png,0,[],NA,3672,39638,
124,3,20,face_054.png,0,[],NA,14007,53649,
124,4,0,face_102.png,0,[],NA,4436,58091,
124,5,60,face_073.png,0,"[""Eyes"",""Hair""]",NA,26255,84350,
124,6,20,face_387.png,0,"[""Eyes""]",NA,13159,97512,
124,7,10,face_079.png,0,"[""Eyes""]",NA,8467,105982,
124,8,0,face_309.png,0,[],NA,5705,111690,
124,9,10,face_419.png,0,"[""Ears""]",NA,12392,124086,
125,0,50,face_133.png,0,[],NA,5585,5586,
125,1,50,face_073.png,0,[],NA,1852,7441,
125,2,50,face_275.png,0,[],NA,1827,9272,
125,3,50,face_388.png,0,[],NA,1765,11041,
125,4,50,face_078.png,0,[],NA,1870,12917,
125,5,50,face_333.png,0,[],NA,4173,17094,
125,6,50,face_151.png,0,[],NA,1826,18925,
125,7,50,face_318.png,0,[],NA,1710,20639,
125,8,50,face_377.png,0,[],NA,1710,22353,
125,9,50,face_408.png,0,[],NA,1677,24034,
126,0,70,face_238.png,0,"[""Mouth"",""Eyes"",""Nose"",""Ears"",""Jaw""]",NA,17952,17954,
126,1,70,face_359.png,0,"[""Mouth"",""Eyes"",""Nose"",""Ears"",""Jaw"",""Hair""]",NA,13720,31678,
126,2,20,face_085.png,0,"[""Eyes""]",NA,6085,37766,
126,3,10,face_033.png,0,"[""Eyes""]",NA,12496,50265,
126,4,30,face_270.png,0,"[""Eyes""]",NA,7934,58203,
126,5,30,face_230.png,0,"[""Ears""]",NA,11411,69619,
126,6,50,face_155.png,0,"[""Eyes""]",NA,5954,75576,
126,7,80,face_217.png,0,"[""Mouth"",""Eyes"",""Jaw"",""Hair""]",NA,14726,90304,
126,8,30,face_039.png,0,"[""Ears"",""Jaw""]",NA,19801,110110,
126,9,90,face_463.png,0,"[""Mouth"",""Eyes"",""Nose"",""Ears"",""Hair""]",NA,11263,121376,
127,0,60,face_265.png,0,"[""Eyes"",""Other""]",Cheeks,30443,30445,
127,1,30,face_378.png,0,"[""Mouth"",""Ears"",""Hair""]",NA,29651,60107,
127,2,70,face_435.png,0,"[""Eyes"",""Hair""]",NA,17997,78111,
127,3,70,face_313.png,0,"[""Mouth"",""Jaw"",""Other""]",Smile,52103,130218,
127,4,90,face_318.png,0,"[""Hair""]",NA,16528,146752,
127,5,80,face_377.png,0,"[""Mouth"",""Eyes"",""Ears""]",NA,21422,168178,
127,6,30,face_132.png,0,"[""Mouth"",""Eyes""]",NA,19733,187915,
127,7,20,face_388.png,0,"[""Eyes"",""Nose""]",NA,16523,204442,
127,8,20,face_220.png,0,"[""Mouth"",""Eyes""]",NA,21280,225727,
127,9,40,face_059.png,0,"[""Jaw"",""Hair""]",NA,173478,399207,
128,0,40,face_331.png,0,"[""Eyes"",""Hair""]",NA,16592,16595,
128,1,30,face_007.png,0,"[""Mouth""]",NA,15874,32474,
128,2,10,face_358.png,0,"[""Hair""]",NA,13354,45833,
128,3,80,face_076.png,0,"[""Eyes"",""Hair""]",NA,15103,60940,
128,4,70,face_185.png,0,"[""Mouth"",""Eyes"",""Hair""]",NA,12166,73109,
128,5,90,face_029.png,0,"[""Mouth"",""Hair""]",NA,10346,83457,
128,6,50,face_160.png,0,"[""Eyes""]",NA,8110,91572,
128,7,70,face_041.png,0,"[""Eyes""]",NA,13982,105558,
128,8,70,face_151.png,0,"[""Mouth"",""Eyes"",""Hair""]",NA,9253,114815,
128,9,80,face_325.png,0,"[""Mouth"",""Eyes"",""Nose"",""Hair""]",NA,11618,126436,
129,0,60,face_073.png,0,"[""Mouth"",""Eyes""]",NA,35468,35474,
129,1,60,face_220.png,0,"[""Ears"",""Jaw""]",NA,23045,58524,
129,2,50,face_205.png,0,"[""Eyes""]",NA,9500,68031,
129,3,40,face_057.png,0,"[""Hair""]",NA,12607,80641,
129,4,60,face_103.png,0,"[""Mouth"",""Eyes"",""Hair""]",NA,13512,94158,
129,5,30,face_438.png,0,[],NA,11719,105882,
129,6,20,face_033.png,0,[],NA,9522,115406,
129,7,90,face_029.png,0,"[""Mouth"",""Eyes"",""Nose"",""Hair""]",NA,15060,130470,
129,8,30,face_285.png,0,"[""Hair""]",NA,8694,139168,
129,9,10,face_021.png,0,[],NA,7739,146911,
130,0,10,face_054.png,0,"[""Ears""]",NA,21011,21011,
130,1,40,face_318.png,0,"[""Eyes""]",NA,16336,37350,
130,2,50,face_033.png,0,"[""Mouth"",""Eyes""]",NA,12829,50183,
130,3,40,face_200.png,0,"[""Eyes""]",NA,11280,61464,
130,4,50,face_438.png,0,"[""Eyes""]",NA,6301,67767,
130,5,20,face_108.png,0,"[""Nose""]",NA,13423,81192,
130,6,60,face_420.png,0,"[""Mouth"",""Eyes""]",NA,10251,91446,
130,7,0,face_007.png,0,"[""Nose""]",NA,16326,107773,
130,8,30,face_419.png,0,"[""Mouth"",""Eyes""]",NA,8936,116712,
130,9,70,face_355.png,0,"[""Mouth"",""Eyes"",""Nose"",""Jaw"",""Hair""]",NA,14455,131169,
131,0,30,face_062.png,0,"[""Mouth"",""Eyes"",""Jaw"",""Hair""]",NA,24920,24921,
131,1,50,face_205.png,0,"[""Eyes"",""Nose"",""Jaw"",""Hair""]",NA,11162,36084,
131,2,80,face_390.png,0,"[""Mouth"",""Eyes"",""Nose"",""Jaw"",""Hair""]",NA,11565,47651,
131,3,70,face_167.png,0,"[""Eyes"",""Nose"",""Jaw"",""Hair""]",NA,14573,62226,
131,4,NA,face_358.png,0,NA,NA,14456,76684,
131,5,50,face_095.png,0,"[""Mouth"",""Eyes"",""Nose"",""Jaw"",""Hair""]",NA,10894,87578,
131,6,50,face_433.png,0,"[""Mouth"",""Eyes"",""Nose"",""Jaw"",""Hair""]",NA,4176,91755,
131,7,60,face_115.png,0,"[""Mouth"",""Eyes"",""Nose"",""Jaw"",""Hair""]",NA,5578,97334,
131,8,50,face_102.png,0,"[""Mouth"",""Eyes"",""Nose"",""Jaw"",""Hair""]",NA,6312,103647,
131,9,30,face_422.png,0,"[""Mouth"",""Eyes"",""Nose"",""Jaw"",""Hair""]",NA,23180,126829,
132,0,10,face_117.png,0,"[""Eyes"",""Nose"",""Hair""]",NA,202191,202219,
132,1,70,face_146.png,0,"[""Mouth"",""Eyes"",""Jaw"",""Hair""]",NA,177459,402001,
132,2,0,face_054.png,0,"[""Other""]",Skin,76061,478069,
132,3,90,face_060.png,0,"[""Mouth"",""Eyes"",""Nose"",""Ears"",""Hair""]",NA,19419,497491,
132,4,40,face_010.png,0,"[""Eyes""]",NA,42939,540434,
132,5,70,face_033.png,0,"[""Eyes"",""Jaw""]",NA,13893,554332,
132,6,40,face_162.png,0,"[""Eyes"",""Jaw"",""Hair""]",NA,395307,1877404,
132,7,70,face_085.png,0,"[""Eyes"",""Ears"",""Jaw"",""Hair""]",NA,14667,1892098,
132,8,70,face_420.png,0,"[""Eyes"",""Hair"",""Other""]",Eyebrows,21162,1913263,
132,9,50,face_147.png,0,"[""Eyes"",""Nose"",""Ears""]",NA,10564,1923831,
133,0,20,face_160.png,0,"[""Eyes"",""Hair""]",NA,15171,15180,
133,1,50,face_077.png,0,"[""Hair""]",NA,8774,23960,
133,2,20,face_095.png,0,[],NA,49340,73302,
133,3,20,face_021.png,0,"[""Eyes""]",NA,10418,83725,
133,4,20,face_423.png,0,"[""Eyes""]",NA,9563,93294,
133,5,0,face_275.png,0,[],NA,11637,104934,
133,6,0,face_387.png,0,[],NA,8317,113254,
133,7,50,face_073.png,0,"[""Eyes"",""Hair""]",NA,17251,130510,
133,8,0,face_149.png,0,[],NA,10063,140578,
133,9,60,face_136.png,0,"[""Eyes"",""Hair""]",NA,13833,154414,
134,0,20,face_140.png,0,"[""Nose"",""Other""]",Eyebrows,41514,41529,
134,1,50,face_117.png,0,"[""Eyes"",""Nose"",""Hair""]",NA,25453,66988,
134,2,30,face_366.png,0,"[""Nose"",""Other""]",Chin,39499,106493,
134,3,80,face_020.png,0,"[""Mouth"",""Eyes"",""Nose"",""Hair"",""Other""]",Looks happy,36647,143144,
134,4,50,face_146.png,0,"[""Mouth"",""Eyes"",""Nose"",""Hair""]",NA,22197,165346,
134,5,50,face_419.png,0,"[""Mouth"",""Eyes"",""Nose"",""Hair""]",NA,29566,194916,
134,6,60,face_147.png,0,"[""Eyes"",""Nose"",""Hair"",""Other""]",Eyebrows,29479,224400,
134,7,40,face_030.png,0,"[""Eyes"",""Jaw""]",NA,19314,243719,
134,8,60,face_270.png,0,"[""Mouth"",""Eyes"",""Nose"",""Hair"",""Other""]",Smile,27331,271055,
134,9,NA,face_174.png,0,NA,NA,30413,301473,
135,0,50,face_076.png,0,"[""Mouth"",""Eyes"",""Nose"",""Ears"",""Jaw"",""Hair""]",NA,6747,6748,
135,1,50,face_238.png,0,"[""Mouth"",""Eyes"",""Nose"",""Ears"",""Jaw"",""Hair""]",NA,4239,10990,
135,2,10,face_021.png,0,[],NA,3034,14026,
135,3,50,face_420.png,0,"[""Mouth"",""Eyes"",""Nose"",""Ears"",""Jaw"",""Hair""]",NA,75285,192929,
135,4,50,face_013.png,0,"[""Mouth"",""Eyes"",""Nose"",""Ears"",""Jaw"",""Hair""]",NA,4847,197784,
135,5,50,face_472.png,0,[],NA,2400,200186,
135,6,50,face_435.png,0,[],NA,1740,201932,
135,7,50,face_178.png,0,"[""Mouth"",""Eyes"",""Nose"",""Ears"",""Jaw"",""Hair""]",NA,3808,205744,
135,8,50,face_433.png,0,[],NA,1486,207237,
135,9,50,face_431.png,0,[],NA,1303,208548,
136,0,20,face_238.png,0,"[""Eyes"",""Hair""]",NA,15263,15265,
136,1,10,face_062.png,0,[],NA,3685,18954,
136,2,60,face_199.png,0,"[""Eyes"",""Ears"",""Hair""]",NA,10875,29832,
136,3,30,face_079.png,0,[],NA,5522,35356,
136,4,10,face_404.png,0,[],NA,2758,38116,
136,5,20,face_431.png,0,[],NA,3024,41142,
136,6,40,face_133.png,0,[],NA,4838,45982,
136,7,70,face_061.png,0,"[""Eyes""]",NA,5784,51768,
136,8,60,face_325.png,0,"[""Eyes""]",NA,4573,56344,
136,9,10,face_162.png,0,[],NA,3073,59419,
